geneID_sgA,geneID_sgB,geneName_sgA,geneName_sgB,exonCount_sgA,exonCount_sgB,chrom_sgA,coords_sgA,gene_length_sgA,target_gene_overlap_sgA,No_of_PADREs_10kbFlank_sgA,Size_of_PADREs_NearTSS_sgA,PADRES_Coords_NearTSS_sgA,Strand_Direction_sgA,PADRE_exist_sgA,distance_PADRE_sgA,ATAC-seq Peak_sgA,ATAC PEAK_sgA_REP1,ATAC PEAK_sgA_REP2,ATAC PEAK_MEAN_sgA,H3K27ac Peak_sgA,H3K27ac PEAK_sgA_REP1,H3K27ac PEAK_sgA_REP2,H3K27ac PEAK_sgA_REP3,H3K27ac PEAK_MEAN_sgA,H3K4me3 Peak_sgA,H3K4me3 PEAK_sgA_REP1,H3K4me3 PEAK_sgA_REP2,H3K4me3 PEAK_sgA_REP3,H3K4me3 PEAK_MEAN_sgA,H3K27me3 Peak_sgA,H3K27me3 PEAK_sgA_REP1,H3K27me3 PEAK_sgA_REP2,H3K27me3 PEAK_sgA_REP3,H3K27me3 PEAK_MEAN_sgA,CAGE Peak_sgA,%GC_sgA,CpG density_sgA,TATA Box Density_sgA,CAAT Box Density_sgA,GC Box Density_sgA,E Box Density_sgA,CRE Density_sgA,chrom_sgB,coords_sgB,geneID_sgB,geneName_sgB,gene_length_sgB,target_gene_overlap_sgB,No_of_PADREs_10kbFlank_sgB,Size_of_PADREs_NearTSS_sgB,PADRES_Coords_NearTSS_sgB,Strand_Direction_sgB,PADRE_exist_sgB,distance_PADRE_sgB,ATAC-seq Peak_sgB,ATAC PEAK_sgB_REP1,ATAC PEAK_sgB_REP2,ATAC PEAK_MEAN_sgB,H3K27ac Peak_sgB,H3K27ac PEAK_sgB_REP1,H3K27ac PEAK_sgB_REP2,H3K27ac PEAK_sgB_REP3,H3K27ac PEAK_MEAN_sgB,H3K4me3 Peak_sgB,H3K4me3 PEAK_sgB_REP1,H3K4me3 PEAK_sgB_REP2,H3K4me3 PEAK_sgB_REP3,H3K4me3 PEAK_MEAN_sgB,H3K27me3 Peak_sgB,H3K27me3 PEAK_sgB_REP1,H3K27me3 PEAK_sgB_REP2,H3K27me3 PEAK_sgB_REP3,H3K27me3 PEAK_MEAN_sgB,CAGE Peak_sgB,%GC_sgB,CpG density_sgB,TATA Box Density_sgB,CAAT Box Density_sgB,GC Box Density_sgB,E Box Density_sgB,CRE Density_sgB,baseMean,log2FoldChange_S11_Lsom,padj_S11_Lsom,log2FoldChange_S12_Prehatch,padj_S12_Prehatch,Exp_Bias,nt%_Alignmnent
ENSCCRG00000065139,ENSCCRG00000010307,atp6v1ba,atp6v1ba,15,15,CAJNDQ010000005.1,CAJNDQ010000005.1:9112233-9140002,27770,0,9,477,CAJNDQ010000005.1:9139593-9140069,Reverse,1,171,2,1.43,0.84,1.14,1,0.55,0.82,0.63,0.67,3,4.31,3.98,3.91,4.07,1,0.44,1.06,0.24,0.58,3.21,47.38,6.08,0,0.21,0,2.1,0,CAJNDQ010000031.1,CAJNDQ010000031.1:18027134-18057295,ENSCCRG00000010307,atp6v1ba,30162,0,8,308,CAJNDQ010000031.1:18029419-18029726,Forward,1,2438,2,1,0.71,0.86,3,0.24,0.48,0.41,0.38,3,1.54,1,1.44,1.33,1,0.07,0.15,0.12,0.11,0.28,48.7,6.82,0,0,0,2.6,0,905.3725962,6.018488134,0,5.36201455,0,Up_Reg,80
ENSCCRG00000056506,ENSCCRG00000035669,soat1,soat1,16,17,CAJNDQ010000018.1,CAJNDQ010000018.1:6816896-6838321,21426,0,3,351,CAJNDQ010000018.1:6816721-6817071,Forward,1,0,1,0.87,0.81,0.84,1,0.22,0.55,0.32,0.36,1,0.72,0.55,1.03,0.77,1,0.29,0.3,0.37,0.32,1.02,45.3,5.13,0,0.28,0,1.71,0,CAJNDQ010000024.1,CAJNDQ010000024.1:21162706-21172056,ENSCCRG00000035669,soat1,9351,0,2,692,CAJNDQ010000024.1:21160941-21161632,Reverse,1,10770,3,2.05,1.13,1.59,3,0.53,1.37,2.08,1.33,3,2.08,3.33,2.77,2.73,0,0.29,0.3,0.24,0.28,4.8,58.24,8.24,0,0.14,0,1.88,0,403.6640108,5.822455105,0,3.113035612,0,Up_Reg,82
ENSCCRG00000073057,ENSCCRG00000079082,pgm1,pgm1,12,12,CAJNDQ010000017.1,CAJNDQ010000017.1:17577230-17584002,6773,0,2,1347,CAJNDQ010000017.1:17582386-17583732,Reverse,1,3386,3,1.66,0.86,1.26,3,0.834,1.2,0.73,0.92,3,2.83,2.53,3.06,2.81,0,0.26,0.76,0.25,0.42,10.14,42.54,4.45,0,0,0,1.63,0.07,CAJNDQ010000011.1,CAJNDQ010000011.1:12826762-12835742,ENSCCRG00000079082,pgm1,8981,0,5,337,CAJNDQ010000011.1:12826857-12827193,Forward,1,263,3,0.57,0.42,0.5,2,0.12,0.27,0.32,0.24,3,0.76,0.68,0.89,0.78,0,0.51,0.45,0.36,0.44,1.12,48.66,4.15,0,0,0,1.48,0,495.5336798,4.510997322,0,4.03714553,0,Up_Reg,91
ENSCCRG00000026570,ENSCCRG00000010318,st13,st13,13,13,CAJNDQ010000004.1,CAJNDQ010000004.1:25218103-25226349,8247,0,4,553,CAJNDQ010000004.1:25218550-25219102,Forward,1,723,3,2.18,2.33,2.26,2,0.83,1.6,1.04,1.16,3,2.96,3.79,3.58,3.44,1,0.29,0.3,0.25,0.28,11.29,40.51,3.44,0,0,0,1.63,0,CAJNDQ010000002.1,CAJNDQ010000002.1:18124622-18136094,ENSCCRG00000010318,st13,11473,0,4,369,CAJNDQ010000002.1:18123310-18123678,Forward,1,1128,3,3.14,1.55,2.35,1,0.42,0.89,0.53,0.61,1,2.36,3.09,2.07,2.51,1,0.22,0.6,0.12,0.31,0,49.32,5.15,0,0,0,2.71,0,3641.835808,4.508504233,0,3.633825284,0,Up_Reg,90
ENSCCRG00000061578,ENSCCRG00000033662,cd164,cd164,6,6,CAJNDQ010000029.1,CAJNDQ010000029.1:16822133-16833358,11226,0,2,729,CAJNDQ010000029.1:16821685-16822413,Forward,1,84,3,2.84,1.64,2.24,2,0.528,0.89,0.94,0.79,3,1.64,2.27,1.59,1.83,0,0.51,0.45,0.24,0.4,19.85,43.76,4.53,0,0.41,0,1.78,0,CAJNDQ010000035.1,CAJNDQ010000035.1:10174581-10186303,ENSCCRG00000033662,cd164,11723,0,4,826,CAJNDQ010000035.1:10186016-10186841,Reverse,1,125,3,2.4,1.29,1.85,3,0.6,0.89,0.94,0.81,2,3.11,2.33,2.96,2.8,0,0.36,0.15,0.36,0.29,3.54,43.22,3.75,0.12,0,0,1.69,0,1424.016063,2.970411381,0,2.675749372,0,Up_Reg,78
ENSCCRG00000040615,ENSCCRG00000040555,LARS1,LARS1,34,32,CAJNDQ010000039.1,CAJNDQ010000039.1:3526411-3549171,22761,0,2,394,CAJNDQ010000039.1:3548630-3549023,Reverse,1,345,2,1.83,0.64,1.24,2,0.63,0.54,1.05,0.74,3,3.61,1.86,3.81,3.09,0,0.12,0.15,0.24,0.17,11.29,42.39,4.06,0,0,0,1.02,0,CAJNDQ010000046.1,CAJNDQ010000046.1:22260969-22287395,ENSCCRG00000040555,LARS1,26427,0,2,462,CAJNDQ010000046.1:22261110-22261571,Forward,1,371,3,2.09,1.34,1.72,3,0.42,0.55,0.62,0.53,3,2.31,1.91,1.81,2.01,1,0.29,0.3,0.24,0.28,4.34,44.59,5.19,0,0,0,1.52,0,1581.299106,2.952022415,0,2.485946842,0,Up_Reg,91
ENSCCRG00000053521,ENSCCRG00000020216,casp3a,casp3a,7,6,CAJNDQ010000023.1,CAJNDQ010000023.1:3934875-3938203,3329,0,1,1055,CAJNDQ010000023.1:3938747-3939801,Reverse,1,1071,3,2.4,1.57,1.98,3,0.62,0.53,0.53,0.56,3,2.61,1.86,2.96,2.48,0,0.27,0.15,0.24,0.22,5.19,41.99,3.03,0,0.19,0,1.14,0,CAJNDQ010000028.1,CAJNDQ010000028.1:10265850-10271102,ENSCCRG00000020216,casp3a,5253,0,1,644,CAJNDQ010000028.1:10264806-10265449,Forward,1,723,3,1.39,1.02,1.21,3,0.22,0.34,0.21,0.26,3,1.29,1.07,1.37,1.24,0,0.15,0.43,0.24,0.27,2.03,40.84,2.8,0,0.16,0,1.55,0,1301.407096,2.79130492,0,2.31794735,0,Up_Reg,87
ENSCCRG00000068908,ENSCCRG00000078283,plp2b,plp2b,6,5,CAJNDQ010000018.1,CAJNDQ010000018.1:22602130-22617109,14980,0,4,382,CAJNDQ010000018.1:22602035-22602416,Forward,1,95,3,2.62,1.41,2.02,2,0.49,0.68,0.53,0.57,2,1.91,1.38,2.18,1.82,0,0.21,0.15,0.24,0.2,9.17,49.21,4.97,0,0,0,1.05,0,CAJNDQ010000024.1,CAJNDQ010000024.1:4694713-4704902,ENSCCRG00000078283,plp2b,10190,0,2,342,CAJNDQ010000024.1:4695799-4696140,Forward,1,1256,3,2.49,1.62,2.06,1,0.6,1.02,0.42,0.68,1,1.99,1.7,1.85,1.85,0,0.29,0.3,0.12,0.24,0,41.81,1.46,0.29,0,0,2.34,0,507.8620397,2.784791878,0,3.003253048,0,Up_Reg,88
ENSCCRG00000055722,ENSCCRG00000033511,diabloa,diabloa,7,6,CAJNDQ010000040.1,CAJNDQ010000040.1:9540514-9543660,3147,0,3,600,CAJNDQ010000040.1:9540093-9540692,Forward,1,122,3,0.7,0.7,0.7,1,0.16,0.45,0.53,0.38,1,0.14,0.21,0.18,0.18,0,0.14,0.15,0.12,0.14,6.82,42,2.17,0.17,0.17,0,1.17,0,CAJNDQ010000027.1,CAJNDQ010000027.1:16190844-16193477,ENSCCRG00000033511,diabloa,2634,0,1,592,CAJNDQ010000027.1:16193283-16193874,Reverse,1,101,3,0.52,0.85,0.69,3,0.55,0.48,1.15,0.73,2,1.24,1.41,1.4,1.35,0,0.44,0.24,0.24,0.31,3.863,41.22,1.86,0,0,0,0.68,0,256.3644835,2.759292171,0,0.4649880798,0.2297195437,Up_Reg,88
ENSCCRG00000077001,ENSCCRG00000002998,TMEM38B,TMEM38B,7,8,CAJNDQ010000039.1,CAJNDQ010000039.1:22258530-22272685,14156,0,5,664,CAJNDQ010000039.1:22259142-22259805,Forward,1,943,3,1.57,1.55,1.56,2,0.487,0.82,0.63,0.65,2,1.06,0.83,1.24,1.04,0,0.8,0.3,0.73,0.61,0,44.58,2.56,0,0,0,1.96,0,CAJNDQ010000046.1,CAJNDQ010000046.1:532768-544784,ENSCCRG00000002998,TMEM38B,12017,0,4,715,CAJNDQ010000046.1:544531-545245,Reverse,1,104,1,1.84,0.84,1.34,3,0.59,0.48,0.73,0.6,3,1.34,1.37,1.45,1.39,0,0.22,0.3,0.24,0.25,0.28,47.69,7.27,0,0.14,0,1.82,0,92.01526671,2.668365775,0.00000001186668128,1.583939866,0.001349880799,Up_Reg,81
ENSCCRG00000033736,ENSCCRG00000051256,pitpnaa,pitpnaa,12,12,CAJNDQ010000040.1,CAJNDQ010000040.1:15710676-15717272,6597,0,2,600,CAJNDQ010000040.1:15710274-15710873,Forward,1,103,3,3.54,1.55,2.55,1,0.508,0.45,0.63,0.53,2,1,1.02,1.14,1.05,0,0.37,0.45,0.24,0.35,4.88,47.33,5.33,0,0.17,0,1.33,0,CAJNDQ010000027.1,CAJNDQ010000027.1:9494200-9501518,ENSCCRG00000051256,pitpnaa,7319,0,1,253,CAJNDQ010000027.1:9501509-9501761,Reverse,1,117,3,2.01,1.76,1.89,1,0.24,0.32,0.32,0.29,1,0.85,0.81,1.21,0.96,0,0.44,0.33,0.21,0.33,3.14,50.59,4.74,0,0,0,0.4,0,599.1315877,2.653611739,0,1.348090622,0,Up_Reg,96
ENSCCRG00000033634,ENSCCRG00000015117,,,9,6,CAJNDQ010000010.1,CAJNDQ010000010.1:24891941-24988025,96085,1,13,740,CAJNDQ010000010.1:24891824-24892563,Forward,1,252,3,2.36,1.76,2.06,3,0.65,0.75,1.05,0.82,3,2.71,3.22,2.94,2.96,1,0.656,0.45,0.61,0.57,2.55,46.89,5.81,0,0,0,1.35,0,CAJNDQ010000020.1,CAJNDQ010000020.1:5093892-5190595,ENSCCRG00000015117,,96704,0,8,383,CAJNDQ010000020.1:5190258-5190640,Reverse,1,146,3,2.88,1.97,2.43,1,0.57,0.75,1.05,0.79,1,2.48,3.03,2.6,2.7,0,0.36,0.45,0.48,0.43,3.94,47.26,4.44,0,0,0.26,1.04,0.26,169.3218477,2.601192417,0.000000005003179245,1.958049502,0.00001681722066,Up_Reg,90
ENSCCRG00000015072,ENSCCRG00000028907,mib2,mib2,22,21,CAJNDQ010000018.1,CAJNDQ010000018.1:25881262-25921893,40632,0,3,560,CAJNDQ010000018.1:25921214-25921773,Reverse,1,400,2,3.23,2.236,2.73,3,0.53,0.54,1.15,0.74,3,1.74,1.81,2.11,1.89,0,0.22,0.74,0.29,0.42,3.62,55,5.71,0,0,0,1.07,0,CAJNDQ010000024.1,CAJNDQ010000024.1:1088201-1166551,ENSCCRG00000028907,mib2,78351,1,2,969,CAJNDQ010000024.1:1080519-1081487,Forward,1,7198,3,5.54,3.79,4.67,1,0.18,0.41,0.42,0.34,1,1.55,2.04,1.27,1.62,0,0.36,0.3,0.48,0.38,1.94,47.88,7.53,0.1,0,0,1.34,0,1111.282766,2.596268539,0,2.702897606,0,Up_Reg,92
ENSCCRG00000061965,ENSCCRG00000023376,spon2a,spon2a,6,5,CAJNDQ010000021.1,CAJNDQ010000021.1:20365397-20383407,18011,0,5,597,CAJNDQ010000021.1:20367130-20367726,Forward,1,2031,3,1.4,1.2,1.3,3,0.31,0.42,0.42,0.38,3,0.16,0.21,0.3,0.22,1,0.3,0.29,0.24,0.28,0.39,45.73,0.84,0,0,0,1.34,0,CAJNDQ010000036.1,CAJNDQ010000036.1:20705788-20721374,ENSCCRG00000023376,spon2a,15587,0,4,710,CAJNDQ010000036.1:20701447-20702156,Forward,1,3987,1,0.48,0.49,0.49,1,0.12,0.27,0.21,0.2,3,0.21,0.24,0.074,0.17,1,0.36,0.45,0.24,0.35,0.5,47.61,2.25,0,0,0,2.39,0,54.29084586,2.595507885,0.0001336380052,1.863864529,0.009115209802,Up_Reg,89
ENSCCRG00000027881,ENSCCRG00000029364,ece2b,ece2b,21,20,CAJNDQ010000040.1,CAJNDQ010000040.1:3521780-3574063,52284,0,7,457,CAJNDQ010000040.1:3573464-3573920,Reverse,1,371,3,1.44,1.27,1.36,1,0.22,0.42,0.62,0.42,3,1.31,1.57,1.96,1.61,1,0.36,0.36,0.48,0.4,1.85,54.05,8.32,0,0,0,1.97,0,CAJNDQ010000027.1,CAJNDQ010000027.1:23440903-23503415,ENSCCRG00000029364,ece2b,62513,0,2,549,CAJNDQ010000027.1:23440987-23441535,Forward,1,358,3,2.36,2.04,2.2,3,0.31,0.34,0.42,0.36,3,1.06,0.94,1.07,1.02,0,0.51,0.3,0.12,0.31,0.39,54.46,7.1,0,0,0.18,2,0,174.8402775,2.555886901,0.00002175406644,1.685776408,0.007802866696,Up_Reg,94
ENSCCRG00000039826,ENSCCRG00000047897,fpgs,fpgs,16,16,CAJNDQ010000039.1,CAJNDQ010000039.1:19442789-19451539,8751,0,1,740,CAJNDQ010000039.1:19450892-19451631,Reverse,1,278,3,2.23,1.7,1.97,1,0.81,0.96,1.05,0.94,1,2.58,2.85,1.88,2.44,0,0.656,0.45,0.36,0.49,1.77,49.59,6.62,0.14,0,0,1.08,0,CAJNDQ010000046.1,CAJNDQ010000039.1:19442789-19451539,ENSCCRG00000047897,fpgs,10471,0,1,740,CAJNDQ010000039.1:19450892-19451631,Reverse,1,278,3,2.23,1.69,1.96,1,0.81,1.02,1.04,0.96,1,2.58,2.85,1.85,2.43,0,0.6,0.45,0.24,0.43,1.77,49.59,6.62,0.14,0,0,1.08,0,1110.234161,2.553979061,0,0.6526235669,0.00203989936,Up_Reg,86
ENSCCRG00000048358,ENSCCRG00000047671,ikbkg,ikbkg,20,15,CAJNDQ010000012.1,CAJNDQ010000012.1:9866117-9883139,17023,0,4,271,CAJNDQ010000012.1:9882731-9883001,Reverse,1,273,1,0.69,0.56,0.63,2,0.63,0.79,1.26,0.89,2,2.79,2.65,3.2,2.88,0,0.219,0.3,0.24,0.25,1.94,52.03,6.27,0,0,0,1.48,0,CAJNDQ010000050.1,CAJNDQ010000050.1:14983856-14991599,ENSCCRG00000047671,ikbkg,7744,0,4,574,CAJNDQ010000050.1:14982424-14982997,Forward,1,1146,1,0.83,0.78,0.81,1,0.57,0.82,1.26,0.88,1,3.78,3.6,4.84,4.07,1,0.38,0.45,0.36,0.4,0,51.92,4.36,0,0,0,2.61,0,1207.382944,2.548455947,0,2.377011723,0,Up_Reg,87
ENSCCRG00000031847,ENSCCRG00000012418,dag1,dag1,4,3,CAJNDQ010000044.1,CAJNDQ010000044.1:15096156-15130578,34423,0,10,524,CAJNDQ010000044.1:15096058-15096581,Forward,1,163,3,3.66,3.1,3.38,1,0.85,1.1,2.31,1.42,2,2.82,3.37,4.58,3.59,1,1.46,1.56,0.48,1.17,9.86,52.67,9.35,0,0,0,1.53,0,CAJNDQ010000006.1,CAJNDQ010000006.1:6020384-6049322,ENSCCRG00000012418,dag1,28939,0,10,455,CAJNDQ010000006.1:6048592-6049046,Reverse,1,503,3,4.37,3.39,3.88,1,0.78,1.61,0.96,1.12,1,3.52,3.56,2.8,3.29,0,0.51,0.37,0.23,0.37,8.26,51.43,5.27,0,0.22,0,1.32,0,1725.712565,2.532627046,0,2.305081848,0,Up_Reg,94
ENSCCRG00000010466,ENSCCRG00000043504,,PLAT,16,16,CAJNDQ010000018.1,CAJNDQ010000018.1:2114223-2132030,17808,1,1,588,CAJNDQ010000018.1:2115759-2116346,Forward,1,1829,3,2.97,2.68,2.83,2,0.69,1.23,0.96,0.96,2,1.94,1.51,1.87,1.77,0,0.22,0.91,0.85,0.66,0,46.94,2.38,0,0,0,2.38,0,CAJNDQ010000024.1,CAJNDQ010000024.1:26777823-26792419,ENSCCRG00000043504,PLAT,14597,0,1,614,CAJNDQ010000024.1:26779138-26779751,Forward,1,1621,3,0.61,0.49,0.55,1,0.31,0.7,0.53,0.51,1,0.42,0.73,0.59,0.58,0,0.44,0.76,0.73,0.64,0,45.11,2.28,0,0,0,2.28,0,110.697564,2.525578877,0.000000259407417,2.050855048,0.00003515776808,Up_Reg,81
ENSCCRG00000020519,ENSCCRG00000038215,SLC30A8,SLC30A8,14,16,CAJNDQ010000032.1,CAJNDQ010000032.1:10251466-10270888,19423,0,4,500,CAJNDQ010000032.1:10270397-10270896,Reverse,1,242,3,1.18,0.56,0.87,2,0.96,1.44,1.71,1.37,2,2.3,2.17,2.77,2.41,0,0.292,0.6,0.12,0.34,1.49,43.2,3.8,0,0,0,0.6,0,CAJNDQ010000013.1,CAJNDQ010000013.1:11704131-11728678,ENSCCRG00000038215,SLC30A8,24548,0,2,393,CAJNDQ010000013.1:11728162-11728554,Reverse,1,320,3,1.66,0.99,1.33,3,1.17,1.17,1.47,1.27,3,3.9,4.17,5.13,4.4,0,0.21,0.45,0.24,0.3,2.47,46.31,3.05,0,0,0,0.51,0,1152.436321,2.491410615,0.0000003338709971,2.46194623,0.0000005597209743,Up_Reg,92
ENSCCRG00000064186,ENSCCRG00000073827,MAST3,,31,30,CAJNDQ010000022.1,CAJNDQ010000022.1:15544317-15568111,23795,0,3,450,CAJNDQ010000022.1:15567545-15567994,Reverse,1,342,3,2.75,2.75,2.75,1,0.976,1.23,1.15,1.12,1,5.03,4.19,5.13,4.78,1,0.29,0.3,0.24,0.28,2.63,48.22,4.89,0,0,0,2,0,CAJNDQ010000030.1,CAJNDQ010000030.1:16508116-16533886,ENSCCRG00000073827,,25771,0,4,189,CAJNDQ010000030.1:16538217-16538405,Reverse,1,4425,3,1.39,1.1,1.25,1,0.16,0.27,0.11,0.18,1,0.19,0.39,0.37,0.32,1,0.5,0.3,0.24,0.35,0.15,51.32,3.17,0,1.06,0,2.12,0,1406.489751,2.488916328,0,1.615433617,0.000000008639454177,Up_Reg,93
ENSCCRG00000015651,ENSCCRG00000016317,thbs3a,thbs3a,23,23,CAJNDQ010000003.1,CAJNDQ010000003.1:5298205-5312526,14322,0,4,413,CAJNDQ010000003.1:5297591-5298003,Forward,1,408,2,0.83,0.35,0.59,1,0.13,0.55,0.21,0.3,1,0.194,0.24,0.37,0.27,1,0.07,0.15,0.45,0.22,0,49.88,1.69,0,0,0,0.97,0,CAJNDQ010000048.1,CAJNDQ010000048.1:5665458-5678025,ENSCCRG00000016317,thbs3a,12568,0,2,825,CAJNDQ010000048.1:5675604-5676428,Forward,1,10558,3,2.84,4.28,3.56,1,0.47,0.89,0.42,0.59,1,0.14,0.52,0.22,0.29,1,0.15,0.45,0.24,0.28,0,45.58,1.94,0.12,0.12,0,1.94,0,168.8977043,2.480836118,0.000002026012322,1.76827344,0.001309907832,Up_Reg,86
ENSCCRG00000040872,ENSCCRG00000036763,lnpa,lnpa,14,14,CAJNDQ010000042.1,CAJNDQ010000042.1:4826177-4835870,9694,0,2,732,CAJNDQ010000042.1:4835191-4835922,Reverse,1,314,3,2.09,1.48,1.79,3,0.79,0.89,1.15,0.94,3,1.92,2.16,2.65,2.24,1,1.16,3.71,2.69,2.52,6.31,43.72,4.1,0.14,0,0,0.55,0,CAJNDQ010000047.1,CAJNDQ010000047.1:3960995-3973308,ENSCCRG00000036763,lnpa,12314,0,1,284,CAJNDQ010000047.1:3973069-3973352,Reverse,1,98,3,1.35,0.78,1.07,2,0.35,0.34,0.42,0.37,2,1.31,0.65,1.88,1.28,1,0.38,0.75,0.27,0.47,2.64,51.06,6.69,0,0,0,1.06,0,879.8569629,2.475721745,0,2.406591099,0,Up_Reg,77
ENSCCRG00000059423,ENSCCRG00000008909,chka,chka,13,12,CAJNDQ010000010.1,CAJNDQ010000010.1:10296911-10312923,16013,0,4,831,CAJNDQ010000010.1:10297482-10298312,Forward,1,986,3,5.06,4.61,4.84,1,0.81,1.09,1.05,0.98,2,2.68,2.69,3.55,2.97,0,0.14,0.6,0.24,0.33,1.68,44.77,5.17,0,0.12,0,1.32,0,CAJNDQ010000020.1,CAJNDQ010000020.1:18120232-18136031,ENSCCRG00000008909,chka,15800,0,4,529,CAJNDQ010000020.1:18135458-18135986,Reverse,1,309,2,2.49,1.63,2.06,1,0.2,0.68,0.73,0.54,1,1.06,1.26,1.44,1.25,2,0.36,0.45,0.24,0.35,0.91,44.05,4.73,0,0.19,0,1.32,0,142.0811052,2.47113887,0.000004852977949,1.582836114,0.005426709269,Up_Reg,89
ENSCCRG00000022853,ENSCCRG00000022838,prdm5,prdm5,17,16,CAJNDQ010000012.1,CAJNDQ010000012.1:2843908-2915549,71642,0,6,547,CAJNDQ010000012.1:2843976-2844522,Forward,1,341,3,4.15,2.47,3.31,3,0.62,0.63,0.73,0.66,3,2.36,1.97,2.29,2.21,0,0.07,0.3,0.24,0.2,3.22,45.52,4.02,0.18,0.55,0,1.28,0,CAJNDQ010000050.1,CAJNDQ010000050.1:21810594-21878453,ENSCCRG00000022838,prdm5,67860,0,6,419,CAJNDQ010000050.1:21878218-21878636,Reverse,1,26,2,1.57,0.71,1.14,2,0.28,0.41,0.52,0.4,3,0.55,0.58,0.85,0.66,1,0.29,0.75,0.61,0.55,0.28,46.78,3.82,0,0,0,0.72,0,78.41596286,2.469181321,0.00001594640772,2.576670823,0.00001300331085,Up_Reg,82
ENSCCRG00000012664,ENSCCRG00000000493,cdc42bpb,cdc42bpb,39,37,CAJNDQ010000029.1,CAJNDQ010000029.1:10231846-10294036,62191,0,6,1012,CAJNDQ010000029.1:10293173-10294184,Reverse,1,358,3,4.08,2.86,3.47,3,0.56,0.96,1.15,0.89,3,2.44,2.79,3.3,2.84,0,0.36,0.3,0.24,0.3,10.27,50.99,4.55,0.1,0,0,1.68,0,CAJNDQ010000035.1,CAJNDQ010000035.1:16936682-17009029,ENSCCRG00000000493,cdc42bpb,72348,1,10,997,CAJNDQ010000035.1:16936857-16937853,Forward,1,673,3,2.12,1.15,1.64,2,1.24,1.97,1.67,1.63,2,3.96,5.38,3.94,4.43,1,0.58,0.45,0.24,0.42,5.56,49.95,5.12,0,0,0.1,1.81,0,1925.082941,-0.0008960508385,0.9987302593,0.1178263642,0.6198598484,No_Change,90
ENSCCRG00000049533,ENSCCRG00000049596,rab3db,rab3db,4,7,CAJNDQ010000004.1,CAJNDQ010000004.1:6973806-6978906,5101,0,3,378,CAJNDQ010000004.1:6979721-6980098,Reverse,1,1003,3,2.24,1.69,1.96,1,0.36,0.55,0.42,0.44,1,0.76,0.99,1.32,1.02,0,0.29,0.3,0.36,0.32,0,53.44,2.65,0,0,0,2.12,0,CAJNDQ010000002.1,CAJNDQ010000002.1:36317027-36323261,ENSCCRG00000049596,rab3db,6235,1,1,349,CAJNDQ010000002.1:36317024-36317372,Forward,1,171,1,0.87,0.63,0.75,1,0.12,0.27,0.3,0.23,1,0.07,0.07,0.34,0.16,0,0.14,0.45,0.12,0.24,0,51.58,2.87,0,0,0,2.01,0,289.1494152,-0.001299816627,0.9991105738,0.4749020374,0.1535470705,No_Change,89
ENSCCRG00000026397,ENSCCRG00000032192,mphosph8,mphosph8,15,15,CAJNDQ010000042.1,CAJNDQ010000042.1:12692204-12703649,11446,0,3,619,CAJNDQ010000042.1:12703058-12703676,Reverse,1,282,3,4.8,3.37,4.1,2,0.85,0.91,1.15,0.97,3,3.41,3.26,3.24,3.3,0,0.44,0.75,0.36,0.52,10,47.33,5.01,0,0,0.16,0.97,0,CAJNDQ010000047.1,CAJNDQ010000047.1:16826404-16842481,ENSCCRG00000032192,mphosph8,16078,0,3,639,CAJNDQ010000047.1:16826217-16826855,Forward,1,132,3,8.03,7.6,7.82,3,1.03,1.13,1.57,1.24,3,3.4,3.78,5.02,4.1,1,0.29,0.3,0.12,0.24,4.96,49.77,5.32,0.16,0,0,1.88,0,2151.913107,-0.002474239948,0.985937233,0.3037199718,0.001038496511,No_Change,85
ENSCCRG00000031700,ENSCCRG00000030822,CLINT1,CLINT1,13,12,CAJNDQ010000039.1,CAJNDQ010000039.1:4310769-4347952,37184,0,2,863,CAJNDQ010000039.1:4347249-4348111,Reverse,1,272,3,4.28,2.11,3.19,1,0.63,0.66,0.32,0.54,2,2.54,2.25,2.07,2.29,0,0.29,0.43,0.24,0.32,4.26,44.96,5.1,0,0,0,1.16,0.12,CAJNDQ010000046.1,CAJNDQ010000046.1:21575706-21611455,ENSCCRG00000030822,CLINT1,35750,0,2,612,CAJNDQ010000046.1:21575435-21576046,Forward,1,34,3,2.31,1.62,1.97,3,0.63,0.41,0.63,0.57,3,3.71,3.25,2.44,3.13,1,0.15,0.3,0.12,0.19,2.29,47.55,5.56,0,0,0,2.12,0.16,1621.173434,-0.002699619964,0.9877117668,-0.3545513641,0.001976978502,No_Change,84
ENSCCRG00000029521,ENSCCRG00000055213,,,14,23,CAJNDQ010000003.1,CAJNDQ010000003.1:16545857-16563550,17694,0,6,301,CAJNDQ010000003.1:16570004-16570304,Reverse,1,6604,0,0.85,0.97,0.91,1,0.5,0.66,0.42,0.53,1,0.89,0.82,0.96,0.89,0,0.44,0.76,0.49,0.56,0,45.85,1.33,0,0,0,0.66,0,CAJNDQ010000048.1,CAJNDQ010000048.1:17209254-17241633,ENSCCRG00000055213,,32380,1,7,1118,CAJNDQ010000048.1:17240354-17241471,Reverse,1,721,1,1.06,1.25,1.16,3,1.47,1.88,1.36,1.57,3,3.1,3.1,2.39,2.83,1,0.22,0.45,0.48,0.38,1.68,36.4,3.13,0,0,0,1.88,0,155.7322248,-0.003033332488,0.9953480996,-0.7784126737,0.009311428171,No_Change,94
ENSCCRG00000044111,ENSCCRG00000077886,rnf24,rnf24,7,7,CAJNDQ010000023.1,CAJNDQ010000023.1:25264233-25293671,29439,0,3,792,CAJNDQ010000023.1:25264504-25265295,Forward,1,666,3,3.67,2.57,3.12,3,1.13,1.1,0.61,0.95,3,3.17,3.85,2.71,3.24,0,0.25,0.3,0.16,0.24,1.12,45.33,4.8,0.25,0,0,1.77,0,CAJNDQ010000028.1,CAJNDQ010000028.1:24515230-24546605,ENSCCRG00000077886,rnf24,31376,1,4,705,CAJNDQ010000028.1:24515212-24515916,Forward,1,334,2,1.17,1.41,1.29,3,1.24,1.09,1.03,1.12,3,3.44,3.86,2.94,3.41,1,0.36,0.6,0.24,0.4,0.28,43.4,4.54,0,0,0,1.7,0,94.75352013,-0.003383232919,0.9972867924,-0.02210976672,0.9761974585,No_Change,84
ENSCCRG00000052367,ENSCCRG00000052393,edem1,edem1,14,16,CAJNDQ010000017.1,CAJNDQ010000017.1:22688138-22696585,8448,1,3,632,CAJNDQ010000017.1:22695378-22696009,Reverse,1,892,3,4.39,2.47,3.43,1,0.26,0.46,0.7,0.47,2,2.24,2.58,2.56,2.46,0,0.22,0.15,0.24,0.2,4.8,47.78,3.8,0,0.32,0,1.74,0,CAJNDQ010000011.1,CAJNDQ010000011.1:7643048-7651427,ENSCCRG00000052393,edem1,8380,1,1,466,CAJNDQ010000011.1:7642854-7643319,Forward,1,38,3,2.84,1.55,2.19,3,0.244,0.62,0.32,0.39,3,1.75,1.94,1.7,1.8,0,0.15,0.3,0.25,0.23,1.58,48.07,4.72,0,0.21,0,1.93,0,1485.326459,-0.004071079464,0.9893902641,0.6692681605,0.0009034276266,No_Change,87
ENSCCRG00000062207,ENSCCRG00000034813,,,14,16,CAJNDQ010000045.1,CAJNDQ010000045.1:24713248-24723444,10197,0,4,498,CAJNDQ010000045.1:24713611-24714108,Forward,1,611,2,0.52,1.97,1.25,1,0.16,0.34,0.21,0.24,3,1.97,2.25,2.79,2.34,0,0.3,0.21,0.12,0.21,0,55.42,6.22,0,0,0,2.41,0,CAJNDQ010000026.1,CAJNDQ010000026.1:2822714-2833929,ENSCCRG00000034813,,11216,0,3,278,CAJNDQ010000026.1:2831362-2831639,Forward,1,8786,1,0.7,0.64,0.67,0,0.16,0.47,0.31,0.31,1,0.07,0.24,0.11,0.14,0,0.29,0.45,0.12,0.29,0.15,57.19,5.04,0,0,0,3.6,0,614.5783981,-0.004989074265,0.9886218079,-0.9539513717,0.00003269533762,No_Change,77
ENSCCRG00000001082,ENSCCRG00000001668,HERC2,HERC2,93,97,CAJNDQ010000017.1,CAJNDQ010000017.1:20289971-20332351,42381,0,4,371,CAJNDQ010000017.1:20282900-20283270,Forward,1,6886,3,3.19,1.63,2.41,3,0.46,0.27,0.42,0.38,3,2.19,1.97,2.11,2.09,0,0.15,0.45,0.15,0.25,3.14,46.36,4.31,0,0,0,1.35,0,CAJNDQ010000011.1,CAJNDQ010000011.1:10133793-10191404,ENSCCRG00000001668,HERC2,57612,1,3,393,CAJNDQ010000011.1:10187403-10187795,Reverse,1,3805,3,4.05,2.26,3.2,2,0.38,0.34,0.32,0.35,2,2.28,2.18,2.14,2.2,1,0.73,0.6,0.61,0.65,3.94,46.56,3.82,0,0.25,0.25,1.27,0,1006.462327,-0.005375031138,0.9927053165,0.3723929681,0.4298919175,No_Change,94
ENSCCRG00000074717,ENSCCRG00000054868,rx1,rx1,4,4,CAJNDQ010000044.1,CAJNDQ010000044.1:2129421-2135962,6542,0,3,494,CAJNDQ010000044.1:2135528-2136021,Reverse,1,188,2,0.57,0.61,0.59,2,0.1,0.28,0.21,0.2,2,0.15,0.25,0.074,0.16,1,0.22,0.3,0.12,0.21,0.82,47.17,2.83,0,0,0,2.43,0,CAJNDQ010000006.1,CAJNDQ010000006.1:26903774-26914033,ENSCCRG00000054868,rx1,10260,0,3,394,CAJNDQ010000006.1:26903686-26904079,Forward,1,108,2,0.65,0.64,0.65,1,0.36,0.62,0.32,0.43,2,0.45,0.69,0.46,0.53,1,0.29,0.3,0.37,0.32,0.15,49.24,3.3,0,0.25,0,2.54,0,107.3554322,-0.007995069565,0.9913690712,0.2334992287,0.7400468281,No_Change,93
ENSCCRG00000006170,ENSCCRG00000049117,rab8b,rab8b,8,10,CAJNDQ010000007.1,CAJNDQ010000007.1:27364256-27368865,4610,1,1,869,CAJNDQ010000007.1:27368187-27369055,Reverse,1,244,3,1.96,5.01,3.49,1,0.28,0.41,0.19,0.29,2,1.58,2.2,1.86,1.88,1,0.29,0.91,0.61,0.6,1.39,47.99,4.83,0,0,0,1.38,0.23,CAJNDQ010000001.1,CAJNDQ010000001.1:28441086-28444681,ENSCCRG00000049117,rab8b,3596,1,2,810,CAJNDQ010000001.1:28443866-28444675,Forward,1,3184,3,0.65,0.57,0.61,2,0.16,0.41,0.32,0.3,3,1.56,1.51,2.03,1.7,0,0.36,0.3,0.12,0.26,2.21,43.83,5.06,0.25,0,0,1.11,0.12,94.72130158,-0.00823736603,0.9877117668,-0.02641229571,0.9622257806,No_Change,89
ENSCCRG00000027975,ENSCCRG00000082522,irx5a,irx5a,4,4,CAJNDQ010000007.1,CAJNDQ010000007.1:23681408-23691275,9868,0,6,772,CAJNDQ010000007.1:23681753-23682524,Forward,1,730,3,0.87,1.71,1.29,2,0.61,0.75,0.63,0.66,2,1.56,1.67,1.24,1.49,1,1.31,2.41,2.11,1.94,2.29,51.3,5.31,0,0,0,0.78,0,CAJNDQ010000001.1,CAJNDQ010000001.1:24766038-24776705,ENSCCRG00000082522,irx5a,10668,0,5,715,CAJNDQ010000001.1:24765882-24766596,Forward,1,201,3,2.77,2.56,2.67,1,1.01,1.64,1.57,1.41,1,2.14,2.2,2.25,2.2,1,1.31,3,1.95,2.1,2.97,51.89,5.03,0,0,0,0.98,0,154.147501,-0.008332604081,0.9875936036,-0.5091954185,0.2109788513,No_Change,96
ENSCCRG00000023740,ENSCCRG00000023685,ripor1,ripor1,23,24,CAJNDQ010000010.1,CAJNDQ010000010.1:10707123-10753786,46664,1,9,446,CAJNDQ010000010.1:10707170-10707615,Forward,1,269,3,2.01,1.97,1.99,2,1.06,0.89,0.52,0.82,1,3.52,3.47,2.14,3.04,0,0.29,0.45,0.24,0.33,1.39,49.1,3.81,0,0,0,1.79,0,CAJNDQ010000020.1,CAJNDQ010000020.1:17626771-17680341,ENSCCRG00000023685,ripor1,53571,1,9,432,CAJNDQ010000020.1:17679940-17680371,Reverse,1,186,3,1.22,2.12,1.67,2,0.73,1.16,1.36,1.08,2,2.37,2.24,2.59,2.4,1,0.44,0.76,0.49,0.56,2.21,49.77,4.17,0.23,0,0,1.16,0,1154.569507,-0.008788304265,0.9645638875,-0.06062218994,0.7718916075,No_Change,74
ENSCCRG00000024983,ENSCCRG00000033752,tars1,tars1,22,20,CAJNDQ010000008.1,CAJNDQ010000008.1:17668029-17679665,11637,0,3,645,CAJNDQ010000008.1:17679315-17679959,Reverse,1,28,3,2.96,1.91,2.44,3,0.57,0.82,0.42,0.6,3,2.63,2.49,2.82,2.65,1,0.22,0.45,0.24,0.3,3.62,39.22,3.26,0.31,0.31,0,1.4,0,CAJNDQ010000016.1,CAJNDQ010000016.1:21501344-21509644,ENSCCRG00000033752,tars1,8301,0,3,626,CAJNDQ010000016.1:21509447-21510072,Reverse,1,115,3,1.94,1.06,1.5,3,0.86,0.75,0.84,0.82,3,2.81,2.3,3.18,2.76,0,0.29,0.45,0.25,0.33,2.64,38.24,3.04,0.32,0.16,0,0.96,0,1079.629741,-0.008969765719,0.9770121511,-0.1205472866,0.6891615326,No_Change,88
ENSCCRG00000003147,ENSCCRG00000025393,arhgap46a,arhgap46a,11,10,CAJNDQ010000043.1,CAJNDQ010000043.1:10905578-10941164,35587,0,3,567,CAJNDQ010000043.1:10940637-10941203,Reverse,1,244,2,2.04,0.83,1.44,3,1.06,1.92,2.51,1.83,3,2.79,3.44,4.78,3.67,0,0.36,0.6,0.24,0.4,7.4,46.38,4.76,0.18,0,0,1.76,0,CAJNDQ010000014.1,CAJNDQ010000014.1:9158681-9188471,ENSCCRG00000025393,arhgap46a,29791,0,4,665,CAJNDQ010000014.1:9162438-9163102,Forward,1,4089,2,2.4,3.55,2.9,2,0.81,1.16,0.94,0.97,1,3.6,3.37,3.15,3.37,1,0.21,0.6,0.37,0.39,0.15,45.41,1.65,0,0.15,0,1.95,0,781.2518112,-0.009119925766,0.987027215,0.02913476379,0.9604677765,No_Change,89
ENSCCRG00000021299,ENSCCRG00000072066,vezf1b,vezf1b,5,5,CAJNDQ010000040.1,CAJNDQ010000040.1:17109990-17121725,11736,0,4,442,CAJNDQ010000040.1:17121192-17121633,Reverse,1,313,2,0.92,0.99,0.96,2,1.72,1.83,1.83,1.79,2,3.54,3.19,3.2,3.31,1,0.22,0.3,0.24,0.25,3.22,45.93,3.85,0,0,0,2.26,0,CAJNDQ010000027.1,CAJNDQ010000027.1:8089110-8104157,ENSCCRG00000072066,vezf1b,15048,0,3,405,CAJNDQ010000027.1:8089299-8089703,Forward,1,391,2,1.55,1.06,1.3,3,0.96,1.3,1.05,1.1,3,2.7,2.28,2.93,2.64,0,0.22,0.3,0.12,0.21,2.38,46.67,4.44,0,0,0,0.99,0,1082.750712,-0.009155251642,0.9649620384,-0.3025337476,0.06206078964,No_Change,93
ENSCCRG00000012821,ENSCCRG00000020071,lrrc1,lrrc1,15,15,CAJNDQ010000019.1,CAJNDQ010000019.1:3367229-3409050,41822,0,2,1394,CAJNDQ010000019.1:3407772-3409165,Reverse,1,582,3,1.1,0.64,0.87,3,0.23,0.34,0.52,0.36,3,1.58,1.23,1.17,1.33,0,0.28,0.15,0.47,0.3,0.61,46.7,4.38,0,0.07,0,1.87,0.07,CAJNDQ010000049.1,CAJNDQ010000049.1:3124012-3162962,ENSCCRG00000020071,lrrc1,38952,0,2,843,CAJNDQ010000049.1:3162230-3163072,Reverse,1,311,3,1.41,0.7,1.1,2,0.28,0.62,1.15,0.68,3,1.31,2.33,1.81,1.82,0,0.29,0.22,0.25,0.25,1.77,51.96,6.64,0,0.12,0,1.3,0.12,2003.769375,-0.00926991273,0.9774722321,-0.1946321424,0.5117188506,No_Change,74
ENSCCRG00000070712,ENSCCRG00000082359,,,14,15,CAJNDQ010000005.1,CAJNDQ010000005.1:17200490-17221581,21092,0,5,1226,CAJNDQ010000005.1:17201639-17202864,Forward,1,1761,2,2.41,2.82,2.62,3,0.34,0.78,0.93,0.68,3,1.49,2.07,3.28,2.28,0,0.29,0.75,0.44,0.49,1.86,44.05,3.18,0,0.08,0,1.79,0,CAJNDQ010000031.1,CAJNDQ010000031.1:9540360-9565712,ENSCCRG00000082359,,25353,1,2,1213,CAJNDQ010000031.1:9564234-9565446,Reverse,1,872,3,2.2,3.89,3.1,3,0.55,0.96,0.94,0.82,3,2.28,2.22,2.92,2.47,1,0.31,0.3,0.49,0.37,0.92,44.44,3.54,0,0.08,0,1.57,0,407.03635,-0.01003737614,0.9752936093,0.1446828546,0.639101947,No_Change,91
ENSCCRG00000015130,ENSCCRG00000074632,,,10,9,CAJNDQ010000043.1,CAJNDQ010000043.1:16283653-16294037,10385,0,3,359,CAJNDQ010000043.1:16293557-16293915,Reverse,1,301,3,1.33,0.7,1,2,0.5,1.09,1.26,0.95,2,2.05,2.14,2.39,2.19,0,0.22,0.3,0.24,0.25,3.38,51.25,6.13,0,0,0,1.11,0,CAJNDQ010000014.1,CAJNDQ010000014.1:3458301-3473399,ENSCCRG00000074632,,15099,0,2,461,CAJNDQ010000014.1:3471513-3471973,Reverse,1,1656,1,0.63,0.78,0.71,3,0.85,1.02,1.05,0.97,3,2.61,2.94,2.34,2.63,0,0.36,0.3,0.24,0.3,1.39,49.89,6.72,0,0,0,1.52,0,893.2823424,-0.01056835208,0.9798215038,-0.30764556,0.3893886082,No_Change,88
ENSCCRG00000038919,ENSCCRG00000025860,zgc:66427,zgc:66427,6,6,CAJNDQ010000022.1,CAJNDQ010000022.1:9002214-9011563,9350,0,1,809,CAJNDQ010000022.1:9002298-9003106,Forward,1,488,3,2.03,1.62,1.83,2,0.89,1.3,1.1,1.1,2,2.94,4.43,2.62,3.3,0,0.51,0.6,0.12,0.41,2.12,55.75,7.54,0,0,0,1.24,0.12,CAJNDQ010000030.1,CAJNDQ010000030.1:9628348-9634607,ENSCCRG00000025860,zgc:66427,6260,1,1,886,CAJNDQ010000030.1:9628558-9629443,Forward,1,652,1,2.45,2.68,2.57,2,0.83,1.58,1.36,1.26,2,2.66,4.05,2.91,3.21,0,0.22,0.3,0.44,0.32,1.86,57.22,8.24,0,0,0,1.35,0.11,1067.846961,-0.01133964004,0.9683186605,0.3362906621,0.1452943277,No_Change,92
ENSCCRG00000017320,ENSCCRG00000015824,relch,relch,31,31,CAJNDQ010000015.1,CAJNDQ010000015.1:10735549-10779475,43927,1,3,655,CAJNDQ010000015.1:10736521-10737175,Forward,1,1299,3,1.07,1.41,1.24,1,0.28,0.48,0.73,0.5,2,1.08,2.9,1.44,1.81,0,0.14,0.15,0.12,0.14,1.11,60.46,8.85,0,0.15,0,1.83,0,CAJNDQ010000041.1,CAJNDQ010000041.1:11383843-11430543,ENSCCRG00000015824,relch,46701,0,2,714,CAJNDQ010000041.1:11384205-11384918,Forward,1,718,2,1.96,0.99,1.48,1,0.29,0.75,0.73,0.59,2,1.61,3.21,1.26,2.03,0,0.37,0.3,0.37,0.35,1.31,59.38,8.68,0,0.14,0,2.1,0.14,666.9057231,-0.01149878702,0.9743109715,-0.4043614272,0.1512576294,No_Change,94
ENSCCRG00000023843,ENSCCRG00000027418,cyp24a1,cyp24a1,12,12,CAJNDQ010000017.1,CAJNDQ010000017.1:28032635-28039860,7226,0,2,529,CAJNDQ010000017.1:28038994-28039522,Reverse,1,602,3,0.83,0.64,0.74,1,0.18,0.48,0.31,0.32,2,0.23,0.21,0.33,0.26,0,0.22,0.45,0.37,0.35,28.14,53.5,8.51,0.38,0.19,0,1.13,0,CAJNDQ010000011.1,CAJNDQ010000011.1:2112194-2118684,ENSCCRG00000027418,cyp24a1,6491,0,3,506,CAJNDQ010000011.1:2112042-2112547,Forward,1,100,3,0.7,0.78,0.74,1,0.2,0.41,0.42,0.34,2,0.18,0.24,0.3,0.24,0,0.22,0.45,0.37,0.35,2.47,53.16,7.91,0.2,0,0,1.19,0,620.9289273,-0.01289922721,0.9875936036,1.645505851,0.003855319363,No_Change,94
ENSCCRG00000020991,ENSCCRG00000071952,gdi2,gdi2,12,12,CAJNDQ010000037.1,CAJNDQ010000037.1:21996469-22006560,10092,0,4,635,CAJNDQ010000037.1:22006124-22006758,Reverse,1,119,3,6.88,3.83,5.36,3,1.36,0.79,1.58,1.24,3,3.35,3.57,3.46,3.46,0,0.22,0.15,0.12,0.16,8.19,46.3,5.2,0,0.31,0,1.73,0,CAJNDQ010000009.1,CAJNDQ010000009.1:23844156-23853842,ENSCCRG00000071952,gdi2,9687,1,3,615,CAJNDQ010000009.1:23853395-23854009,Reverse,1,140,3,6.19,5.16,5.7,3,0.74,0.75,0.94,0.81,3,3.66,3.03,3.17,3.29,1,0.22,0.3,0.24,0.25,6.6,46.02,5.37,0,0.16,0,1.46,0,3430.469326,-0.01297293911,0.971731981,-0.09469482418,0.8076219158,No_Change,87
ENSCCRG00000080500,ENSCCRG00000006200,copb2,copb2,22,22,CAJNDQ010000022.1,CAJNDQ010000022.1:8429381-8438898,9518,0,3,554,CAJNDQ010000022.1:8429056-8429609,Forward,1,49,3,3.02,1,2,3,0.62,0.69,0.73,0.68,3,3.68,2.9,4.03,3.54,0,0.22,0.3,0.24,0.25,15.1,44.95,5.42,0.18,0.18,0,1.26,0,CAJNDQ010000030.1,CAJNDQ010000030.1:8932153-8941425,ENSCCRG00000006200,copb2,9273,0,1,404,CAJNDQ010000030.1:8931968-8932371,Forward,1,16,3,1.92,1.2,1.56,3,0.67,0.34,0.63,0.55,3,2.95,1.59,2.66,2.4,1,0.15,0.15,0.24,0.18,1.4,46.29,5.69,0.25,0,0,0.5,0,4458.259962,-0.01301620833,0.9472052805,0.02185885744,0.9229754994,No_Change,90
ENSCCRG00000076147,ENSCCRG00000070015,dnmt1,dnmt1,35,36,CAJNDQ010000004.1,CAJNDQ010000004.1:10241254-10258278,17025,0,5,841,CAJNDQ010000004.1:10257373-10258213,Reverse,1,485,3,1.18,0.85,1.02,3,0.65,1.1,0.94,0.9,3,2.21,2.35,1.99,2.18,0,0.15,0.45,0.49,0.36,3.22,44,5.35,0,0.12,0,1.78,0,CAJNDQ010000002.1,CAJNDQ010000002.1:33008231-33025369,ENSCCRG00000070015,dnmt1,17139,0,4,877,CAJNDQ010000002.1:33007965-33008841,Forward,1,172,3,1.17,0.85,1.01,3,0.89,1.16,1.04,1.03,3,2.1,1.95,2.46,2.17,0,0.14,0.15,0.49,0.26,3.78,44.58,5.47,0,0,0,1.71,0,15466.20868,-0.01456939801,0.9522731394,-0.1324096316,0.5612479048,No_Change,86
ENSCCRG00000047664,ENSCCRG00000072281,,,9,14,CAJNDQ010000029.1,CAJNDQ010000029.1:25285966-25296287,10322,0,3,317,CAJNDQ010000029.1:25296148-25296464,Reverse,1,19,3,4.93,3.1,4.02,1,0.183,0.27,0.31,0.25,1,0.71,1.8,0.96,1.16,0,0.66,1.65,0.86,1.06,0.13,54.26,6.94,0,0.32,0,2.84,0,CAJNDQ010000035.1,CAJNDQ010000035.1:1420216-1440114,ENSCCRG00000072281,,19899,0,6,671,CAJNDQ010000035.1:1420269-1420939,Forward,1,388,1,0.92,0.64,0.78,1,0.24,0.48,0.52,0.41,1,0.34,0.77,0.7,0.6,1,1.54,3.85,2.23,2.54,20.6,63.19,11.33,0,0,0,1.49,0,827.0912576,-4.900488754,0,-3.654274317,0.0000007330719709,Down_Reg,92
ENSCCRG00000061779,ENSCCRG00000021936,,,5,5,CAJNDQ010000012.1,CAJNDQ010000012.1:23096037-23098588,2552,0,2,322,CAJNDQ010000012.1:23099542-23099863,Reverse,1,1115,3,5.98,3.74,4.86,1,0.99,0.96,1.15,1.03,1,1.26,0.94,1.92,1.37,0,0.22,0.3,0.36,0.29,3.56,56.83,10.25,0,0.31,0,2.48,0,CAJNDQ010000050.1,CAJNDQ010000050.1:992503-994921,ENSCCRG00000021936,,2419,0,2,524,CAJNDQ010000050.1:992330-992853,Forward,1,89,3,8.03,4.06,6.05,2,1.62,2.3,2.62,2.18,2,2.8,3.17,3.17,3.05,1,0.65,1.5,0.37,0.84,165.36,54.2,11.07,0,0.38,0.19,1.91,0,8062.54622,-4.833541467,0,-5.169794877,0,Down_Reg,74
ENSCCRG00000043645,ENSCCRG00000033443,aclya,aclya,29,28,CAJNDQ010000004.1,CAJNDQ010000004.1:20850292-20874345,24054,0,3,468,CAJNDQ010000004.1:20874199-20874666,Reverse,1,88,3,4.41,4.17,3.68,1,0.35,0.62,0.42,0.46,2,1.13,1.26,1.48,1.29,1,0.15,0.15,0.24,0.18,0.43,50.43,5.34,0,0.21,0.21,2.14,0,CAJNDQ010000002.1,CAJNDQ010000002.1:21482137-21507034,ENSCCRG00000033443,aclya,24898,0,3,638,CAJNDQ010000002.1:21481890-21482527,Forward,1,72,3,5.48,5.16,5.32,3,0.33,0.41,0.53,0.42,3,1.79,1.2,2.4,1.8,0,0.21,0.15,0.37,0.24,1.8,49.37,5.02,0,0.16,0,1.1,0,1434.044588,-2.981872064,0,-1.392822225,0,Down_Reg,94
ENSCCRG00000056231,ENSCCRG00000052865,ppp1r3b,ppp1r3b,3,3,CAJNDQ010000039.1,CAJNDQ010000039.1:13496691-13500251,3561,0,3,374,CAJNDQ010000039.1:13496119-13496492,Forward,1,385,1,2.45,2.33,2.39,1,0.59,0.89,0.84,0.77,1,1.25,1.06,1.02,1.11,0,0.36,0.45,0.36,0.39,0.43,48.4,3.48,0,0,0,2.41,0,CAJNDQ010000046.1,CAJNDQ010000046.1:10158578-10162577,ENSCCRG00000052865,ppp1r3b,4000,0,4,658,CAJNDQ010000046.1:10162432-10163089,Reverse,1,184,3,5.8,5.42,5.61,3,0.8,1,1.25,1.02,3,2.51,2.48,2.52,2.5,1,0.14,0.15,0.12,0.14,4.36,46.35,3.19,0,0.3,0,1.82,0,2200.41356,-2.979874663,0,-2.441388812,0,Down_Reg,91
ENSCCRG00000009534,ENSCCRG00000063243,cspg5a,cspg5a,7,7,CAJNDQ010000003.1,CAJNDQ010000003.1:5532708-5574430,41723,0,5,355,CAJNDQ010000003.1:5537195-5537549,Forward,1,4664,3,1.14,0.92,1.03,2,0.38,0.34,0.42,0.38,1,0.18,0.08,0.29,0.18,0,0.29,0.45,0.37,0.37,0.13,47.61,1.41,0,0,0,1.97,0,CAJNDQ010000048.1,CAJNDQ010000048.1:5928592-5959962,ENSCCRG00000063243,cspg5a,31371,0,8,453,CAJNDQ010000048.1:5928634-5929086,Forward,1,268,1,0.69,1.02,0.86,2,0.95,1.7,0.43,1.03,3,1.47,1.7,1.48,1.55,0,0.66,0.75,0.49,0.63,1.8,49.23,5.3,0,0,0,0.66,0,138.0754354,-2.974221759,0,-1.116766839,0.0003988218891,Down_Reg,84
ENSCCRG00000005058,ENSCCRG00000080289,cbsb,cbsb,16,16,CAJNDQ010000042.1,CAJNDQ010000042.1:7836442-7849102,12661,0,2,477,CAJNDQ010000042.1:7836503-7836979,Forward,1,299,3,2.07,1.27,1.67,2,0.15,0.47,0.31,0.31,3,0.93,0.52,0.88,0.78,1,0.29,0.9,0.37,0.52,1.06,46.33,5.24,0,0.21,0,1.68,0,CAJNDQ010000047.1,CAJNDQ010000047.1:7455493-7474669,ENSCCRG00000080289,cbsb,19177,0,5,623,CAJNDQ010000047.1:7455257-7455879,Forward,1,75,3,5.48,4.16,4.82,1,0.47,0.48,0.52,0.49,1,1.59,1.44,1.68,1.57,1,0.22,0.15,0.24,0.2,8.33,48.31,6.58,0,0.16,0,1.77,0,1471.24795,-2.96451139,0,-4.171724003,0,Down_Reg,88
ENSCCRG00000069207,ENSCCRG00000056553,,,6,5,CAJNDQ010000008.1,CAJNDQ010000008.1:27557317-27584616,27300,0,4,611,CAJNDQ010000008.1:27557472-27558082,Forward,1,460,3,2.4,2.54,2.47,1,0.18,0.48,0.3,0.32,3,1.35,1.79,1.44,1.53,0,0.29,0.9,0.36,0.52,0.62,52.05,7.69,0,0.16,0.16,2.13,0,CAJNDQ010000016.1,CAJNDQ010000016.1:30943487-30970311,ENSCCRG00000056553,,26825,0,4,887,CAJNDQ010000016.1:30943917-30944803,Forward,1,873,3,1,0.78,0.89,1,0.22,0.82,0.63,0.56,3,0.9,1.64,1.26,1.27,0,0.27,0.6,0.73,0.53,6.31,54.11,8.79,0,0,0,1.8,0,805.2197252,-2.94648567,0.0006161359507,-1.480100771,0.1256907922,Down_Reg,92
ENSCCRG00000019004,ENSCCRG00000062974,psmd13,psmd13,14,13,CAJNDQ010000034.1,CAJNDQ010000034.1:13916231-13920933,4703,0,2,361,CAJNDQ010000034.1:13920381-13920741,Reverse,1,372,3,1.77,0.99,1.38,2,0.33,0.89,0.84,0.69,2,2.26,1.7,3.14,2.37,0,1.31,1.96,0.36,1.21,3.48,46.54,2.49,0,0,0,1.94,0,CAJNDQ010000038.1,CAJNDQ010000038.1:6439374-6444579,ENSCCRG00000062974,psmd13,5206,0,1,674,CAJNDQ010000038.1:6440062-6440735,Forward,1,1025,3,2.16,0.92,1.54,3,0.61,0.34,1.36,0.77,3,3.59,1.78,4.36,3.24,1,0.22,0.15,0.24,0.2,20.51,43.77,3.56,0,0,0.15,1.04,0,626.2461169,-2.913103413,0,-3.110556249,0,Down_Reg,90
ENSCCRG00000060911,ENSCCRG00000046593,akap8l,akap8l,13,15,CAJNDQ010000023.1,CAJNDQ010000023.1:31408129-31415568,7440,0,4,1090,CAJNDQ010000023.1:31408150-31409239,Forward,1,566,3,3.61,2.08,2.9,3,0.58,0.41,0.63,0.54,3,1.95,1.54,1.83,1.77,0,0.15,0.3,0.12,0.19,3.92,44.86,5.69,0,0.09,0.09,1.74,0,CAJNDQ010000028.1,CAJNDQ010000028.1:33076945-33087135,ENSCCRG00000046593,akap8l,10191,0,4,560,CAJNDQ010000028.1:33076878-33077437,Forward,1,213,3,5.54,3.5,4.52,3,1.17,1.26,1.78,1.4,3,3.46,3.3,4.5,3.75,2,0.22,0.3,0.24,0.25,32,47.86,7.5,0,0,0.18,0.71,0,3598.028281,-2.89915921,0,-2.705926051,0,Down_Reg,85
ENSCCRG00000004375,ENSCCRG00000040071,,,6,7,CAJNDQ010000010.1,CAJNDQ010000010.1:17479204-17481968,2765,0,2,189,CAJNDQ010000010.1:17479204-17481968,Forward,1,1382,3,0.23,0.71,0.47,1,0.34,0.52,0.18,0.35,3,0.18,0.18,0.26,0.21,0,0.29,0.45,0.12,0.29,0.13,39.15,2.65,0,0,0,2.12,0,CAJNDQ010000020.1,CAJNDQ010000020.1:10855935-10859320,ENSCCRG00000040071,,3386,0,1,566,CAJNDQ010000020.1:10858836-10859401,Reverse,1,201,3,1.83,0.85,1.34,3,0.47,0.55,0.52,0.51,3,1.02,0.9,1.28,1.07,0,0.15,0.45,0.12,0.24,1.31,44.17,3.53,0.18,0,0,0.71,0,53.06067617,-2.879607437,0.003512650558,-2.730093973,0.006586457188,Down_Reg,85
ENSCCRG00000055659,ENSCCRG00000054359,,,8,9,CAJNDQ010000003.1,CAJNDQ010000003.1:10094494-10102329,7836,0,3,202,CAJNDQ010000003.1:10102166-10102367,Reverse,1,62,3,2.11,2.11,2.11,1,0.84,0.61,0.69,0.71,1,1,2.19,1.54,1.57,0,0.29,0.3,0.25,0.28,0.53,49.01,6.44,0,0,0.5,0.5,0,CAJNDQ010000048.1,CAJNDQ010000048.1:10648326-10659916,ENSCCRG00000054359,,11591,0,3,340,CAJNDQ010000048.1:10659588-10659927,Reverse,1,158,3,1.75,1.13,1.44,2,0.41,0.62,0.84,0.62,1,1.69,1.69,2.19,1.86,0,0.07,0.15,0.12,0.11,1.23,44.12,4.71,0,0,0.29,0.59,0,494.914848,-2.856431468,0,-2.232234757,0,Down_Reg,90
ENSCCRG00000038653,ENSCCRG00000003249,,,9,10,CAJNDQ010000045.1,CAJNDQ010000045.1:8115547-8125367,9821,0,3,760,CAJNDQ010000045.1:8124446-8125205,Reverse,1,541,3,1.31,1.13,1.22,1,0.32,0.34,0.31,0.32,1,0.21,0.18,0.18,0.19,0,0.29,0.15,0.48,0.31,1.64,48.68,1.58,0,0.13,0,1.71,0,CAJNDQ010000026.1,CAJNDQ010000026.1:17971893-17980420,ENSCCRG00000003249,,8528,0,2,975,CAJNDQ010000026.1:17971171-17972145,Forward,1,235,3,2.09,1.9,2,1,0.3,0.42,0.42,0.38,1,0.49,0.56,0.92,0.66,0,0.22,0.15,0.25,0.21,5.21,48,2.05,0,0.1,0,1.44,0,519.9978902,-2.818452861,0,-1.615963801,0.0000002038444394,Down_Reg,90
ENSCCRG00000002491,ENSCCRG00000023737,khsrp,khsrp,19,18,CAJNDQ010000023.1,CAJNDQ010000023.1:30253545-30265621,12077,0,4,599,CAJNDQ010000023.1:30264720-30265318,Reverse,1,602,3,16.4,14.7,15.6,1,1.09,1.71,1.25,1.35,1,3.71,4.09,3.86,3.89,0,0.29,0.3,0.37,0.32,5.62,59.93,9.18,0,0.5,0.33,1.34,0,CAJNDQ010000028.1,CAJNDQ010000028.1:29812044-29823042,ENSCCRG00000023737,khsrp,10999,0,3,710,CAJNDQ010000028.1:29822719-29823428,Reverse,1,32,3,16.05,14.8,15.43,1,1.72,2.26,3.46,2.48,1,4.85,4.27,6.3,5.14,0,0.15,0.15,0.24,0.18,22.04,58.87,9.72,0,0.56,0.14,2.11,0,20729.39718,-2.781055769,0,-2.270836878,0,Down_Reg,85
ENSCCRG00000052067,ENSCCRG00000066601,ric8b,ric8b,11,10,CAJNDQ010000010.1,CAJNDQ010000010.1:7553003-7564632,11630,0,6,361,CAJNDQ010000010.1:7560414-7560774,Reverse,1,4038,3,1.53,2.68,2.11,1,0.49,0.62,0.31,0.47,1,0.19,0.31,0.15,0.22,0,0.29,0.75,0.49,0.51,0,45.71,2.49,0,0,0,1.66,0,CAJNDQ010000020.1,CAJNDQ010000020.1:20847757-20860285,ENSCCRG00000066601,ric8b,12529,0,5,569,CAJNDQ010000020.1:20852610-20853178,Forward,1,5137,3,1.86,2.24,2.05,1,0.49,0.82,0.35,0.55,1,0.27,0.36,0.14,0.27,0,0.51,0.45,0.36,0.44,0.13,44.99,1.93,0.18,0,0,1.58,0,549.7338526,-2.75070598,0,-1.714091128,0,Down_Reg,81
ENSCCRG00000063631,ENSCCRG00000018324,tgfb2,tgfb2,7,11,CAJNDQ010000003.1,CAJNDQ010000003.1:24399072-24428212,29141,0,3,497,CAJNDQ010000003.1:24398907-24399403,Forward,1,83,3,0.86,1.17,1.02,1,0.18,0.21,0.42,0.27,1,0.35,0.73,0.67,0.58,1,0.36,0.45,0.24,0.35,2.2,53.92,4.83,0.2,0,0,1.81,0,CAJNDQ010000048.1,CAJNDQ010000048.1:26054163-26092512,ENSCCRG00000018324,tgfb2,38350,0,3,557,CAJNDQ010000048.1:26057625-26058181,Forward,1,3740,3,0.96,1.27,1.12,1,0.88,1.09,1.45,1.14,1,2.42,1.73,2.07,2.07,0,0.51,0.45,0.37,0.44,0,48.29,1.97,0,0,0,2.15,0,440.2771599,-2.720893382,0,-2.271615546,0,Down_Reg,87
ENSCCRG00000013344,ENSCCRG00000028507,cemip2,cemip2,26,25,CAJNDQ010000008.1,CAJNDQ010000008.1:27135740-27178292,42553,0,3,596,CAJNDQ010000008.1:27177861-27178456,Reverse,1,133,3,1.13,1.34,1.24,2,0.45,0.55,0.42,0.47,1,2.15,2.01,2.13,2.1,1,0.15,0.76,0.37,0.43,1.23,46.14,4.53,0,0,0.17,1.51,0,CAJNDQ010000016.1,CAJNDQ010000016.1:30475601-30502790,ENSCCRG00000028507,cemip2,27190,0,4,505,CAJNDQ010000016.1:30502450-30502954,Reverse,1,88,2,1.47,1.53,1.5,2,0.79,0.62,1.13,0.85,2,1.84,1.59,2.15,1.86,0,0.15,0.15,0.12,0.14,4.36,47.13,4.75,0,0.2,0.2,1.98,0,595.1545449,-2.721196853,0,-2.321760093,0,Down_Reg,86
ENSCCRG00000036420,ENSCCRG00000059710,pdlim2,pdlim2,11,10,CAJNDQ010000018.1,CAJNDQ010000018.1:19305662-19366194,60533,0,4,603,CAJNDQ010000018.1:19365776-19366378,Reverse,1,117,3,0.48,0.42,0.45,1,0.18,0.34,0.42,0.31,3,0.4,0.37,0.55,0.44,3,0.22,0.3,0.37,0.3,0.23,47.26,5.64,0,0,0,2.32,0.17,CAJNDQ010000024.1,CAJNDQ010000024.1:8111588-8179519,ENSCCRG00000059710,pdlim2,67932,0,3,463,CAJNDQ010000024.1:8136112-8136574,Forward,1,24755,2,0.66,0.37,0.52,1,0.2,0.34,0.42,0.32,1,0.14,0.18,0.15,0.16,0,0.44,0.45,0.37,0.42,0,43.2,0.86,0,0,0,1.94,0,938.2451662,-2.621336557,0,-2.647088364,0,Down_Reg,94
ENSCCRG00000023524,ENSCCRG00000023255,lmna,lmna,14,17,CAJNDQ010000003.1,CAJNDQ010000003.1:10883795-10911558,27764,0,1,246,CAJNDQ010000003.1:10908925-10909170,Forward,1,25253,3,2.14,2.12,2.13,1,0.22,0.34,0.32,0.29,1,0.12,0.11,0.07,0.1,0,0.36,0.15,0.25,0.25,0.23,56.5,3.66,0,0.41,0,2.85,0,CAJNDQ010000048.1,CAJNDQ010000048.1:11484125-11506704,ENSCCRG00000023255,lmna,22580,0,4,420,CAJNDQ010000048.1:11483297-11483716,Forward,1,618,3,1.73,1.05,1.39,1,0.54,0.48,0.63,0.55,1,0.51,0.52,0.65,0.56,1,0.29,0.45,0.24,0.33,0,33.33,0.95,0.24,0,0,0.48,0,532.0624803,-2.610286395,0,-1.7676315,0,Down_Reg,81
ENSCCRG00000058869,ENSCCRG00000047913,eno3,eno3,13,13,CAJNDQ010000012.1,CAJNDQ010000012.1:23443422-23451459,8038,0,4,559,CAJNDQ010000012.1:23450969-23451527,Reverse,1,211,3,4.36,3.17,3.77,1,0.16,0.41,0.42,0.33,1,0.5,0.6,0.81,0.64,0,0.29,0.91,0.49,0.56,6.18,54.56,8.94,0,0.18,0,1.43,0,CAJNDQ010000050.1,CAJNDQ010000050.1:499692-506051,ENSCCRG00000047913,eno3,6360,0,5,464,CAJNDQ010000050.1:499563-500026,Forward,1,103,3,3.23,1.78,2.51,1,0.33,0.6,0.73,0.55,1,1.24,1.44,1.22,1.3,0,0.29,0.45,0.48,0.41,14.99,53.88,8.19,0.43,0,0,1.51,0,957.0326576,-2.592471568,0.0000004027796273,-3.000925691,0.00000000370727252,Down_Reg,95
ENSCCRG00000027976,ENSCCRG00000005648,rpa2,rpa2,10,9,CAJNDQ010000003.1,CAJNDQ010000003.1:24033262-24064019,30758,0,2,701,CAJNDQ010000003.1:24032932-24033632,Forward,1,20,1,1.92,1.84,1.88,3,0.89,1.23,1.47,1.2,2,1.37,1.18,1.15,1.23,1,0.22,0.6,0.25,0.36,1.45,41.94,4.71,0,0.14,0,0.86,0.14,CAJNDQ010000048.1,CAJNDQ010000048.1:25651025-25691802,ENSCCRG00000005648,rpa2,40778,0,4,603,CAJNDQ010000048.1:25650959-25651561,Forward,1,235,3,1.35,0.92,1.14,2,1.1,1.44,1.57,1.37,2,3.16,3.43,3.13,3.24,1,0.29,0.45,0.37,0.37,5.9,48.76,5.31,0,0,0,0.83,0.17,696.8996697,-2.58523408,0,-2.767878292,0,Down_Reg,75
ENSCCRG00000009639,ENSCCRG00000045939,cdh11,cdh11,13,14,CAJNDQ010000007.1,CAJNDQ010000007.1:18793833-18844159,50327,0,3,326,CAJNDQ010000007.1:18804858-18805183,Forward,1,11188,2,0.71,1.06,0.89,1,0.33,0.55,0.63,0.5,1,0.14,0.21,0.15,0.17,1,0.29,0.6,0.61,0.5,0,50,2.45,0,0,0,1.53,0,CAJNDQ010000001.1,CAJNDQ010000001.1:20145531-20197474,ENSCCRG00000045939,cdh11,51944,0,11,949,CAJNDQ010000001.1:20145509-20146457,Forward,1,452,2,1.14,0.81,0.98,1,0.51,1.42,0.84,0.92,2,1.53,1.67,1.72,1.64,0,0.56,2.1,0.48,1.05,3.26,48.16,4.43,0,0,0,2.21,0,377.7960518,-2.584211429,0.0001394848455,-1.995706956,0.004569413207,Down_Reg,92
ENSCCRG00000021579,ENSCCRG00000037878,plekhh1,plekhh1,31,30,CAJNDQ010000005.1,CAJNDQ010000005.1:17467670-17516301,48632,0,4,1087,CAJNDQ010000005.1:17467423-17468509,Forward,1,296,2,0.79,0.53,0.66,3,0.39,0.62,1.46,0.82,3,1.79,1.62,2.61,2.01,1,0.36,1.36,0.61,0.78,1.23,41.77,3.22,0,0.18,0.09,1.47,0,CAJNDQ010000031.1,CAJNDQ010000031.1:9261250-9301023,ENSCCRG00000037878,plekhh1,39774,0,6,987,CAJNDQ010000031.1:9300380-9301366,Reverse,1,150,3,1.79,2.19,1.99,2,0.88,1.58,0.84,1.1,2,2.74,2.71,2.86,2.77,0,0.22,0.3,0.24,0.25,7.33,42.05,3.75,0.1,0,0,1.62,0,322.1364035,-2.551606889,0,-2.120672915,0,Down_Reg,87
ENSCCRG00000024629,ENSCCRG00000081978,usp13,usp13,22,21,CAJNDQ010000017.1,CAJNDQ010000017.1:16343413-16368356,24944,1,2,659,CAJNDQ010000017.1:16343521-16344179,Forward,1,437,3,0.57,0.78,0.68,1,0.39,0.34,0.31,0.35,2,0.65,0.87,0.65,0.72,2,0.22,0.3,0.49,0.34,5.62,49.62,4.25,0,0.15,0,1.21,0,CAJNDQ010000011.1,CAJNDQ010000011.1:14081050-14109515,ENSCCRG00000081978,usp13,28466,0,3,488,CAJNDQ010000011.1:14109039-14109526,Reverse,1,232,3,1.17,1.2,1.19,2,0.53,0.48,1.15,0.72,2,1.5,1.49,1.94,1.64,0,0.22,0.15,0.12,0.16,11.81,49.8,4.1,0,0,0,1.64,0,165.6851508,-2.545954011,0.000004151944316,-2.801983625,0.0000003928011463,Down_Reg,93
ENSCCRG00000015300,ENSCCRG00000069533,mpp5a,mpp5a,13,22,CAJNDQ010000005.1,CAJNDQ010000005.1:15880849-15892430,11582,0,4,554,CAJNDQ010000005.1:15880679-15881232,Forward,1,107,3,2.36,2.76,2.56,1,0.53,0.62,0.42,0.52,1,0.77,0.42,0.89,0.69,1,0.51,0.15,0.49,0.38,0.13,58.84,3.43,0,0,0,1.81,0,CAJNDQ010000031.1,CAJNDQ010000031.1:10889878-10928567,ENSCCRG00000069533,mpp5a,38690,0,5,621,CAJNDQ010000031.1:10927975-10928595,Reverse,1,282,3,3.68,2.12,2.9,3,0.58,0.69,1.04,0.77,3,2.15,1.91,2.13,2.06,0,0.15,0.15,0.12,0.14,5.49,47.02,5.64,0.16,0.16,0,1.13,0,1531.079906,-2.492015668,0,-2.132156241,0,Down_Reg,86
ENSCCRG00000012322,ENSCCRG00000030980,rnf20,rnf20,22,23,CAJNDQ010000021.1,CAJNDQ010000021.1:20646504-20663472,16969,1,5,370,CAJNDQ010000021.1:20646395-20646764,Forward,1,76,3,2.05,1.06,1.56,3,0.65,1.03,1.89,1.19,3,2.78,2.25,3.97,3,0,0.29,0.3,0.24,0.28,1.56,45.68,5.68,0,0,0,1.62,0,CAJNDQ010000036.1,CAJNDQ010000036.1:20737598-20754303,ENSCCRG00000030980,rnf20,16706,0,3,511,CAJNDQ010000036.1:20753919-20754429,Reverse,1,129,2,1.03,0.56,0.8,3,0.65,0.55,0.73,0.64,3,3.64,1.55,3.47,2.89,0,0.07,0.3,0.12,0.16,9.05,46.58,7.05,0,0.2,0,0.98,0,1694.369311,-2.486852116,0,-2.89619841,0,Down_Reg,84