geneID_sgA,geneID_sgB,geneName_sgA,geneName_sgB,exonCountA,exonCountB,chrom_sgA,chrom_sgB,baseMean,log2FoldChange_S11_Lsom,padj_S11_Lsom,log2FoldChange_S12_Prehatch,padj_S12_Prehatch
ENSCCRG00000032681,ENSCCRG00000055138,smarca2,smarca2,36,35,CAJNDQ010000008.1,CAJNDQ010000016.1,403.422478149661,6.93371320128246,2.3645779040432903e-31,5.69448139913224,1.06883093118014e-33
ENSCCRG00000018267,ENSCCRG00000054275,ucp1,ucp1,8,7,CAJNDQ010000023.1,CAJNDQ010000028.1,730.414883446304,6.918002928572,1.1832444071391e-17,1.55101118710723,0.0953596744339673
ENSCCRG00000071842,ENSCCRG00000068549,s100t,s100t,5,4,CAJNDQ010000003.1,CAJNDQ010000048.1,363.955377118572,6.74811953798438,2.83394397586163e-18,3.88009502655827,5.28216240205447e-07
ENSCCRG00000051962,ENSCCRG00000051921,,,16,13,CAJNDQ010000015.1,CAJNDQ010000041.1,171.343818794735,6.66969728688698,1.21138347069337e-37,4.52571167561648,1.79977220478614e-32
ENSCCRG00000041446,ENSCCRG00000059925,,AADAT,14,10,CAJNDQ010000007.1,CAJNDQ010000001.1,596.890909258319,6.50350238430683,2.8119128955971803e-47,6.29582329429826,2.1205370559621702e-47
ENSCCRG00000040726,ENSCCRG00000011107,si:dkey-6n6.1,si:dkey-6n6.1,13,10,CAJNDQ010000018.1,CAJNDQ010000024.1,444.311778243647,6.45435433151195,8.08722685591882e-58,2.92082100538661,3.46004777514473e-16
ENSCCRG00000070801,ENSCCRG00000060371,,,76,60,CAJNDQ010000023.1,CAJNDQ010000028.1,616.159642601938,6.3563665349331,2.76604805115928e-28,5.94466990940577,1.15964160804818e-23
ENSCCRG00000034064,ENSCCRG00000046363,f5,f5,27,27,CAJNDQ010000042.1,CAJNDQ010000047.1,1990.97398642539,6.32185737380798,1.7206593568216801e-105,2.93823017530086,1.48109766788837e-24
ENSCCRG00000016805,ENSCCRG00000020422,rhcgb,rhcgb,11,11,CAJNDQ010000034.1,CAJNDQ010000038.1,247.545416940151,6.31662328862919,1.8801315509942e-21,3.35419080961091,4.53822105886112e-08
ENSCCRG00000071214,ENSCCRG00000044089,mapk12b,mapk12b,14,13,CAJNDQ010000037.1,CAJNDQ010000009.1,693.697628402808,6.26531171244377,1.3375275104086e-15,4.50674766005552,5.4643386726639205e-09
ENSCCRG00000081208,ENSCCRG00000046913,f2rl1.1,f2rl1.1,4,3,CAJNDQ010000039.1,CAJNDQ010000046.1,2142.46747404587,6.24090158866826,5.010578864807669e-72,6.18542071574474,2.5355298913177897e-42
ENSCCRG00000063578,ENSCCRG00000060547,JPH1,JPH1,10,5,CAJNDQ010000015.1,CAJNDQ010000041.1,996.886358846303,6.21490963857793,4.5895835825599094e-36,2.67006081583271,1.32313487047237e-08
ENSCCRG00000056047,ENSCCRG00000078355,,,43,42,CAJNDQ010000008.1,CAJNDQ010000016.1,3221.75067714394,6.15643390011025,0.0129499501707362,6.32490701551779,0.0119024736292095
ENSCCRG00000054618,ENSCCRG00000058506,tktb,tktb,15,24,CAJNDQ010000012.1,CAJNDQ010000050.1,8745.91977915151,6.15579226177434,2.86386909966025e-52,4.03038189873143,8.02002378937572e-23
ENSCCRG00000017014,ENSCCRG00000052611,ap5m1,ap5m1,13,8,CAJNDQ010000005.1,CAJNDQ010000031.1,881.525664209222,6.13864305961891,2.7229883585219e-119,5.38699892995157,3.4876866948490696e-153
ENSCCRG00000015848,ENSCCRG00000079688,atp2b1b,atp2b1b,34,23,CAJNDQ010000034.1,CAJNDQ010000038.1,285.954674685952,6.03958724572402,4.59952872153797e-37,4.02974134448209,6.359730836483209e-26
ENSCCRG00000067911,ENSCCRG00000005976,rnf139,rnf139,2,2,CAJNDQ010000032.1,CAJNDQ010000013.1,307.617744486387,6.02456452631459,4.96849687271745e-41,4.6064321304519,1.11613644782327e-47
ENSCCRG00000065139,ENSCCRG00000010307,atp6v1ba,atp6v1ba,15,15,CAJNDQ010000005.1,CAJNDQ010000031.1,905.372596155121,6.01848813360141,2.3476311338921e-195,5.36201455022466,8.23442818900613e-157
ENSCCRG00000006577,ENSCCRG00000060521,,,8,2,CAJNDQ010000005.1,CAJNDQ010000031.1,254.724797442645,5.98812539953845,1.8504078298424398e-11,4.58017239647153,2.6704020783210098e-11
ENSCCRG00000037627,ENSCCRG00000003497,,,11,11,CAJNDQ010000003.1,CAJNDQ010000048.1,162.644208625894,5.98282749201851,3.64794759496977e-26,0.965549262351839,0.134090566654094
ENSCCRG00000073185,ENSCCRG00000068605,ponzr2,ponzr2,4,4,CAJNDQ010000033.1,CAJNDQ010000025.1,779.599033542336,5.91665367660987,1.75200611650263e-27,8.64453224384274,8.065190767100599e-12
ENSCCRG00000058082,ENSCCRG00000060722,,,6,8,CAJNDQ010000003.1,CAJNDQ010000048.1,169.646380829403,5.88216398192501,9.11246114418534e-07,2.15010992573381,0.0003176789519372
ENSCCRG00000033872,ENSCCRG00000079822,,,17,6,CAJNDQ010000021.1,CAJNDQ010000036.1,373.636360618392,5.86009642199549,3.26183113401944e-26,6.07263456923547,4.853751743220419e-30
ENSCCRG00000056020,ENSCCRG00000044264,hmga1b,hmga1b,9,4,CAJNDQ010000017.1,CAJNDQ010000011.1,282.918954067444,5.8246110560877,2.5787878328343198e-30,4.80182542857108,2.1785009910332201e-38
ENSCCRG00000056506,ENSCCRG00000035669,soat1,soat1,16,17,CAJNDQ010000018.1,CAJNDQ010000024.1,403.664010830286,5.82245510536438,6.26904364114805e-78,3.11303561186033,4.78583431516384e-25
ENSCCRG00000064007,ENSCCRG00000018946,,,15,6,CAJNDQ010000045.1,CAJNDQ010000026.1,716.103562065195,5.74015836794521,3.28928897431452e-150,5.03087670691357,4.65128855001414e-133
ENSCCRG00000020877,ENSCCRG00000059447,sox12,sox12,7,2,CAJNDQ010000043.1,CAJNDQ010000014.1,467.853633990874,5.73506390473422,4.4737512462915097e-26,1.09242759096669,0.0619292408568897
ENSCCRG00000064539,ENSCCRG00000025773,zp3e,,9,7,CAJNDQ010000004.1,CAJNDQ010000002.1,465.077381687223,5.69823602073284,0.0001420653994782,4.33226401315261,0.0081164874999233
ENSCCRG00000021478,ENSCCRG00000022260,ERCC6,ERCC6,21,22,CAJNDQ010000019.1,CAJNDQ010000049.1,187.39368832146,5.66435743639086,2.45840541370143e-52,6.18099524304134,1.38273228864979e-59
ENSCCRG00000070833,ENSCCRG00000063392,txndc9,txndc9,5,6,CAJNDQ010000042.1,CAJNDQ010000047.1,888.616042988544,5.65747369504986,5.187060446199419e-69,5.76808649705896,2.27941464879693e-73
ENSCCRG00000031987,ENSCCRG00000048158,mxra8b,mxra8b,14,10,CAJNDQ010000012.1,CAJNDQ010000050.1,204.324261681193,5.55229863888495,1.0721531133506801e-31,4.01608840446831,1.1818385460781301e-23
ENSCCRG00000007769,ENSCCRG00000053027,abhd14b,abhd14b,4,3,CAJNDQ010000017.1,CAJNDQ010000011.1,212.660491057572,5.54888431309732,3.69710899898357e-16,5.21118440478207,8.25897993796619e-17
ENSCCRG00000012299,ENSCCRG00000012243,riok1,riok1,17,18,CAJNDQ010000022.1,CAJNDQ010000030.1,530.200593588305,5.51307678700515,2.02485622461635e-38,6.31139441575271,6.26450936483153e-43
ENSCCRG00000060167,ENSCCRG00000026528,,,10,11,CAJNDQ010000008.1,CAJNDQ010000016.1,544.451824327856,5.48574874079264,1.5117220839021e-65,5.30828121661561,4.05678592540361e-57
ENSCCRG00000039697,ENSCCRG00000029964,,,5,2,CAJNDQ010000039.1,CAJNDQ010000046.1,173.009125480342,5.44158849385863,8.88438322209832e-28,5.25874122468511,3.13382682856046e-25
ENSCCRG00000063738,ENSCCRG00000070134,,,3,3,CAJNDQ010000004.1,CAJNDQ010000002.1,314.453151072036,5.41349318556668,1.3430123097739299e-49,6.2791278942719,4.95601399281945e-50
ENSCCRG00000068821,ENSCCRG00000020211,gpd1b,gpd1b,9,10,CAJNDQ010000044.1,CAJNDQ010000006.1,1340.84347361614,5.35232886573732,1.75954818696916e-14,5.19355023817401,1.38537071953187e-13
ENSCCRG00000067159,ENSCCRG00000063200,vps8,vps8,45,44,CAJNDQ010000023.1,CAJNDQ010000028.1,178.424097930042,5.33140892198793,9.34138577317047e-37,4.04852498381287,1.0622430512681e-24
ENSCCRG00000057927,ENSCCRG00000005755,lgalsla,lgalsla,6,6,CAJNDQ010000023.1,CAJNDQ010000028.1,229.554801300118,5.32605384261592,3.01337054610379e-15,4.5648438865243,1.09110039890946e-21
ENSCCRG00000039672,ENSCCRG00000052414,utp25,utp25,13,11,CAJNDQ010000019.1,CAJNDQ010000049.1,395.301873782744,5.29202582264782,3.16533463166349e-61,5.70133436392281,9.178439941709141e-60
ENSCCRG00000013508,ENSCCRG00000071827,,,6,11,CAJNDQ010000012.1,CAJNDQ010000050.1,181.536948497083,5.27777536207295,2.25166779386833e-28,5.3307400461714,2.1205370559621702e-47
ENSCCRG00000045240,ENSCCRG00000014700,,,21,21,CAJNDQ010000040.1,CAJNDQ010000027.1,3022.44511648031,5.26707909009159,1.97350602184239e-35,3.92207774556281,3.83764234673769e-22
ENSCCRG00000071202,ENSCCRG00000023207,,,15,16,CAJNDQ010000010.1,CAJNDQ010000020.1,2215.76978160586,5.21520872651934,1.6457493913811e-40,4.92715820268474,3.0872783509480394e-36
ENSCCRG00000072702,ENSCCRG00000070205,ACSS3,ACSS3,17,18,CAJNDQ010000037.1,CAJNDQ010000009.1,286.319708419723,5.19318337907719,1.64825464665162e-42,6.01300737207739,4.29983997969252e-49
ENSCCRG00000013408,ENSCCRG00000079303,,,41,40,CAJNDQ010000022.1,CAJNDQ010000030.1,1114.06283532403,5.18767537733854,1.26018269475006e-106,2.65843384918396,9.688172106420259e-30
ENSCCRG00000068260,ENSCCRG00000041621,ponzr5,ponzr5,5,4,CAJNDQ010000007.1,CAJNDQ010000001.1,516.656716249348,5.18761661357652,2.5042106733279102e-54,2.15555717431977,6.58111702060617e-11
ENSCCRG00000072526,ENSCCRG00000040640,gabrr2a,gabrr2a,16,10,CAJNDQ010000005.1,CAJNDQ010000031.1,156.176078761167,5.15819897991215,5.914835866740819e-11,4.60260141584002,3.6045325557735e-14
ENSCCRG00000030149,ENSCCRG00000070356,mrap2b,mrap2b,4,4,CAJNDQ010000037.1,CAJNDQ010000009.1,2307.76343903201,5.15744735822716,9.88319317983363e-05,3.58403630485158,0.017883079497773
ENSCCRG00000015791,ENSCCRG00000029331,zgc:77880,zgc:77880,17,9,CAJNDQ010000023.1,CAJNDQ010000028.1,582.01379370271,5.15093973604066,1.6210122586296799e-34,5.25102442582511,3.0991509890845703e-35
ENSCCRG00000021130,ENSCCRG00000010905,,,12,13,CAJNDQ010000032.1,CAJNDQ010000013.1,172.722994371309,5.07489213437205,1.95714795756415e-06,4.12316733308148,0.0002040748240347
ENSCCRG00000023071,ENSCCRG00000037745,brd8b,brd8b,21,22,CAJNDQ010000021.1,CAJNDQ010000036.1,1227.2717699769,5.06586595948439,1.8129682492379898e-42,4.31855096143782,5.63122047190254e-33
ENSCCRG00000072108,ENSCCRG00000061234,lta4h,lta4h,21,20,CAJNDQ010000037.1,CAJNDQ010000009.1,768.192514204231,5.03369214776262,1.59989699464375e-32,5.42572156809941,4.3854035092435903e-39
ENSCCRG00000005996,ENSCCRG00000029070,dennd6b,dennd6b,21,16,CAJNDQ010000037.1,CAJNDQ010000009.1,2086.55035371443,4.96125857768841,1.69188848356129e-29,3.56872818240401,4.98298995309908e-46
ENSCCRG00000038014,ENSCCRG00000082616,,,18,14,CAJNDQ010000003.1,CAJNDQ010000048.1,2604.58923751621,4.94797945686421,5.88029777388001e-234,4.06594244943741,4.60714954642216e-164
ENSCCRG00000039155,ENSCCRG00000004599,,,12,13,CAJNDQ010000008.1,CAJNDQ010000016.1,3006.57341564317,4.94381347994203,1.36998830805912e-82,3.99474898047022,1.43347702386454e-53
ENSCCRG00000026526,ENSCCRG00000026167,rasa4,rasa4,22,23,CAJNDQ010000008.1,CAJNDQ010000016.1,421.718201864106,4.89032892619912,9.879750446020809e-55,3.00040876982822,5.35318255470724e-22
ENSCCRG00000021598,ENSCCRG00000045441,lap3,lap3,14,10,CAJNDQ010000023.1,CAJNDQ010000028.1,457.228500661717,4.84630759566702,2.15287474428993e-47,6.14336536726661,4.48217828863913e-63
ENSCCRG00000070262,ENSCCRG00000055727,,,36,25,CAJNDQ010000012.1,CAJNDQ010000050.1,685.740753404853,4.82274844481784,9.00574200410443e-98,6.04453645041702,2.0648019928397e-152
ENSCCRG00000013564,ENSCCRG00000050175,fam133b,fam133b,9,5,CAJNDQ010000032.1,CAJNDQ010000013.1,901.778463919889,4.8116927301134,2.5420269098325e-91,5.4585339923149,1.1792538940919701e-95
ENSCCRG00000039519,ENSCCRG00000039481,ldhd,ldhd,12,12,CAJNDQ010000034.1,CAJNDQ010000038.1,170.067569440962,4.78317375900654,3.5343388675358798e-34,3.42181175711192,2.9397601089107604e-25
ENSCCRG00000057768,ENSCCRG00000014588,,,8,10,CAJNDQ010000032.1,CAJNDQ010000013.1,205.707914774953,4.74843280299114,1.33343084041479e-18,5.78412157208805,1.36464816973356e-21
ENSCCRG00000039373,ENSCCRG00000009541,sfswap,sfswap,18,7,CAJNDQ010000039.1,CAJNDQ010000046.1,925.759854392484,4.7097946648241,3.32749418324682e-133,4.43931610238473,1.19816539734776e-118
ENSCCRG00000027230,ENSCCRG00000012581,,,21,20,CAJNDQ010000044.1,CAJNDQ010000006.1,254.130538507194,4.63786286621171,4.82751853757829e-15,2.42413879978018,8.9109362381146e-05
ENSCCRG00000035272,ENSCCRG00000061913,pcgf5b,pcgf5b,9,10,CAJNDQ010000045.1,CAJNDQ010000026.1,175.0628559576,4.57530792735859,6.49947603639352e-05,0.109908030623576,0.933370424635854
ENSCCRG00000039134,ENSCCRG00000059407,nbas,nbas,52,54,CAJNDQ010000029.1,CAJNDQ010000035.1,401.938926627755,4.57089002974089,2.45469988370899e-13,5.9521529641343,9.9865733171511e-21
ENSCCRG00000033485,ENSCCRG00000050826,trip4,trip4,14,12,CAJNDQ010000007.1,CAJNDQ010000001.1,164.264943457538,4.56969514398559,9.57143142171533e-36,6.45597631419094,1.38560846104132e-47
ENSCCRG00000073057,ENSCCRG00000079082,pgm1,pgm1,12,12,CAJNDQ010000017.1,CAJNDQ010000011.1,495.533679781849,4.51099732216426,6.85438696726905e-88,4.03714553003866,1.00795411379955e-72
ENSCCRG00000026570,ENSCCRG00000010318,st13,st13,13,13,CAJNDQ010000004.1,CAJNDQ010000002.1,3641.83580751064,4.50850423250733,1.20686414656509e-255,3.63382528375778,5.964041314694081e-183
ENSCCRG00000082778,ENSCCRG00000011289,hspbp1,hspbp1,8,5,CAJNDQ010000004.1,CAJNDQ010000002.1,312.436289426683,4.46702086582573,2.86226052308507e-22,4.7105957253531,1.6382629752901e-26
ENSCCRG00000048181,ENSCCRG00000043199,arl13a,arl13a,11,11,CAJNDQ010000021.1,CAJNDQ010000036.1,297.857074351393,4.45219390060837,3.25808743867177e-06,5.76441190540667,1.1552849635279902e-09
ENSCCRG00000057366,ENSCCRG00000072777,,,5,5,CAJNDQ010000017.1,CAJNDQ010000011.1,368.343693270807,4.41161215279018,7.52940173849809e-14,2.9528416548704,1.05715792644692e-06
ENSCCRG00000025479,ENSCCRG00000041181,,,27,25,CAJNDQ010000007.1,CAJNDQ010000001.1,531.219072808631,4.39084082652557,2.06044795661962e-18,1.91694639554092,0.0001078102772347
ENSCCRG00000080309,ENSCCRG00000076067,fam204a,fam204a,9,7,CAJNDQ010000019.1,CAJNDQ010000049.1,182.33425479125,4.38485342957574,6.49511930458806e-24,3.81297119180445,1.5661854724385302e-19
ENSCCRG00000010881,ENSCCRG00000082337,map7d2a,map7d2a,17,18,CAJNDQ010000008.1,CAJNDQ010000016.1,825.06604366497,4.38131447487568,1.98356333894844e-64,1.14654573136178,1.5071826429889e-15
ENSCCRG00000048271,ENSCCRG00000073518,,,6,8,CAJNDQ010000010.1,CAJNDQ010000020.1,1852.60907671256,4.38127995563435,0.0001342587847621,3.20768936692614,0.007561307126642
ENSCCRG00000072546,ENSCCRG00000071051,cnpy3,cnpy3,7,6,CAJNDQ010000023.1,CAJNDQ010000028.1,1358.87016626762,4.37985793205355,3.76270477166982e-29,3.93167336324302,3.15922734420553e-27
ENSCCRG00000009730,ENSCCRG00000047149,ercc8,ercc8,20,12,CAJNDQ010000018.1,CAJNDQ010000024.1,265.812125335686,4.37540333376621,4.51446221870987e-37,5.51193041446035,8.331186486374531e-35
ENSCCRG00000027089,ENSCCRG00000013079,,,11,11,CAJNDQ010000018.1,CAJNDQ010000024.1,307.701361178672,4.37163918389461,7.66132150886075e-23,4.41440537510062,7.90588910794596e-23
ENSCCRG00000051571,ENSCCRG00000075452,ccl20b,ccl20b,4,4,CAJNDQ010000015.1,CAJNDQ010000041.1,298.495921202788,4.36277648904894,2.74539018635538e-08,2.16529472651194,0.0018059709007161
ENSCCRG00000053377,ENSCCRG00000024093,pglyrp5,pglyrp5,11,4,CAJNDQ010000010.1,CAJNDQ010000020.1,344.127433734439,4.34900063241254,2.89219367963573e-20,4.06467830585133,3.65993999827987e-18
ENSCCRG00000057792,ENSCCRG00000031887,fah,fah,14,21,CAJNDQ010000007.1,CAJNDQ010000001.1,290.717809861407,4.34749168476868,1.94994092209657e-10,1.15508103978625,0.143731057791204
ENSCCRG00000019872,ENSCCRG00000052523,slmapb,slmapb,20,10,CAJNDQ010000012.1,CAJNDQ010000050.1,878.407551817898,4.34507776449225,1.96049157629253e-46,0.810389161974596,0.0045739485529641
ENSCCRG00000032816,ENSCCRG00000019249,,,12,11,CAJNDQ010000042.1,CAJNDQ010000047.1,11755.8514790857,4.34235997219194,2.51135505097137e-91,6.09883830861251,2.30978862827297e-156
ENSCCRG00000048285,ENSCCRG00000022955,,,17,15,CAJNDQ010000007.1,CAJNDQ010000001.1,231.381550065102,4.32377385841978,6.5915952755253e-51,5.478042762279,3.40828541766132e-64
ENSCCRG00000049048,ENSCCRG00000049039,mettl25b,mettl25b,9,9,CAJNDQ010000003.1,CAJNDQ010000048.1,373.896975959301,4.30952133859613,1.49243035983449e-15,5.33172676767464,2.06205532064545e-16
ENSCCRG00000014547,ENSCCRG00000073431,azin1a,azin1a,13,6,CAJNDQ010000003.1,CAJNDQ010000048.1,326.386406566085,4.29237461587744,1.9311764147464898e-72,3.3987866284573,4.61738751324371e-48
ENSCCRG00000034385,ENSCCRG00000031234,zgc:158403,zgc:158403,19,19,CAJNDQ010000004.1,CAJNDQ010000002.1,478.886365965103,4.25875316882264,1.0819474821841701e-23,1.69569350868503,8.626201753704111e-09
ENSCCRG00000034113,ENSCCRG00000057134,zgc:103692,zgc:103692,9,9,CAJNDQ010000008.1,CAJNDQ010000016.1,765.069800577359,4.23918984204935,2.14442995286889e-33,4.08163906702877,1.2140001633574801e-31
ENSCCRG00000069244,ENSCCRG00000015057,ormdl3,ormdl3,4,5,CAJNDQ010000045.1,CAJNDQ010000026.1,347.268251046397,4.23642793053277,4.80963949172515e-41,2.3192221611304,7.89248128817144e-15
ENSCCRG00000002459,ENSCCRG00000036692,,,15,15,CAJNDQ010000007.1,CAJNDQ010000001.1,496.387257609193,4.22805397825408,3.58589820268675e-72,3.43362622308586,3.50355867812999e-45
ENSCCRG00000012384,ENSCCRG00000033927,ANKRD6,ANKRD6,16,18,CAJNDQ010000029.1,CAJNDQ010000035.1,228.176794821274,4.2235853479318,8.834324553247729e-57,4.13568418914133,1.29075446970955e-44
ENSCCRG00000070162,ENSCCRG00000006347,,,7,6,CAJNDQ010000033.1,CAJNDQ010000025.1,226.461125847927,4.21524160071761,9.50340517563301e-17,6.16064856974564,1.9896799914332702e-24
ENSCCRG00000080604,ENSCCRG00000061074,plppr2a,plppr2a,14,8,CAJNDQ010000004.1,CAJNDQ010000002.1,595.588905900612,4.19796817068946,5.31063701231489e-84,2.24981900848066,4.67987999274959e-26
ENSCCRG00000011836,ENSCCRG00000065999,znf804a,znf804a,11,5,CAJNDQ010000042.1,CAJNDQ010000047.1,1175.06657539637,4.16705585009052,4.11808121128747e-93,2.29547384549788,1.25899575058523e-70
ENSCCRG00000070274,ENSCCRG00000000785,zgc:91890,zgc:91890,14,5,CAJNDQ010000003.1,CAJNDQ010000048.1,161.547461455502,4.16471671642531,8.01260372610935e-13,2.40056164784834,3.80229534138647e-05
ENSCCRG00000059738,ENSCCRG00000072687,tspan31,tspan31,6,7,CAJNDQ010000012.1,CAJNDQ010000050.1,1797.05474766467,4.13617251438659,3.37836633469858e-19,3.05125948777676,4.29646606880129e-11
ENSCCRG00000038777,ENSCCRG00000021923,,,12,12,CAJNDQ010000003.1,CAJNDQ010000048.1,156.239438743001,4.09479839673203,2.9489697134212303e-09,3.77022095239287,4.76220195160853e-08
ENSCCRG00000000241,ENSCCRG00000054175,il20ra,il20ra,8,5,CAJNDQ010000029.1,CAJNDQ010000035.1,166.52901747687,4.05613458372386,5.10061350249048e-34,3.86552782504633,2.18197953556695e-28
ENSCCRG00000079867,ENSCCRG00000068596,pi4kaa,pi4kaa,63,55,CAJNDQ010000033.1,CAJNDQ010000025.1,1854.6777575766,4.05111451639293,4.01876729990422e-32,3.62304864846899,7.68351366703202e-26
ENSCCRG00000046589,ENSCCRG00000006744,,,40,41,CAJNDQ010000045.1,CAJNDQ010000026.1,1708.6639777997,4.03050372651066,1.05207852555556e-66,2.9537864703236,1.20452090623246e-38
ENSCCRG00000026013,ENSCCRG00000018360,dgat2,dgat2,8,9,CAJNDQ010000033.1,CAJNDQ010000025.1,384.851054125897,4.01473087409617,1.49754967881647e-53,2.32002182019584,6.77710956515717e-19
ENSCCRG00000059432,ENSCCRG00000063489,snx10a,snx10a,8,8,CAJNDQ010000032.1,CAJNDQ010000013.1,512.117862280512,4.01432745959917,5.21388630779788e-14,3.25673865333833,1.6846391301820502e-09
ENSCCRG00000064393,ENSCCRG00000004428,emg1,emg1,6,13,CAJNDQ010000003.1,CAJNDQ010000048.1,222.160435742611,4.00310440381748,6.57540940476315e-24,4.88287409066539,2.8305288019224103e-31
ENSCCRG00000063413,ENSCCRG00000072129,s100v1,s100v1,3,3,CAJNDQ010000003.1,CAJNDQ010000048.1,276.835755095001,3.99855830813717,1.9202903590942003e-32,3.29749033257177,2.33559067393383e-22
ENSCCRG00000067882,ENSCCRG00000054473,,,13,14,CAJNDQ010000040.1,CAJNDQ010000027.1,207.152125201905,3.99568283751581,9.788282628573921e-31,2.43179495882509,5.2345441700568e-28
ENSCCRG00000051777,ENSCCRG00000028008,,,24,23,CAJNDQ010000012.1,CAJNDQ010000050.1,203.769868749563,3.93799255412862,6.210306037907299e-41,2.19702881831039,7.579875011548931e-17
ENSCCRG00000073737,ENSCCRG00000069201,ATG7,ATG7,22,23,CAJNDQ010000043.1,CAJNDQ010000014.1,189.197999633739,3.93786953188634,1.66933634867577e-29,4.0119822039513,4.8628723907364295e-30
ENSCCRG00000065118,ENSCCRG00000037499,si:dkeyp-114g9.1,si:dkeyp-114g9.1,15,9,CAJNDQ010000029.1,CAJNDQ010000035.1,8617.69373238828,3.91926031670007,6.83472607701414e-42,5.91502748318101,1.2693666275751499e-33
ENSCCRG00000009225,ENSCCRG00000011741,zufsp,zufsp,18,13,CAJNDQ010000003.1,CAJNDQ010000048.1,838.221984645007,3.9176911878514,1.13588469608154e-75,1.80170486270247,2.1982716972889204e-15
ENSCCRG00000002326,ENSCCRG00000060442,cldni,cldni,4,5,CAJNDQ010000004.1,CAJNDQ010000002.1,532.422528922207,3.90097856123091,1.61611777715066e-12,2.81107939507239,6.33536778430666e-07
ENSCCRG00000075012,ENSCCRG00000004155,,,13,9,CAJNDQ010000010.1,CAJNDQ010000020.1,291.443620286638,3.89397923119438,1.48650074082714e-38,1.44980067751002,2.79967643706877e-13
ENSCCRG00000023053,ENSCCRG00000028133,,,17,17,CAJNDQ010000004.1,CAJNDQ010000002.1,459.18937983953,3.88099011912822,4.28117360421966e-48,1.27201632399741,5.05370734896092e-06
ENSCCRG00000019930,ENSCCRG00000026950,,,3,1,CAJNDQ010000023.1,CAJNDQ010000028.1,454.994372399547,3.87343374595901,1.63573298496203e-05,4.68249582498998,0.0019632974652107
ENSCCRG00000032282,ENSCCRG00000079658,ppa2,ppa2,12,13,CAJNDQ010000023.1,CAJNDQ010000028.1,1136.67470741023,3.87157621853729,2.86226052308507e-22,2.75158194216197,2.05332964469268e-12
ENSCCRG00000028599,ENSCCRG00000059988,ddx23,ddx23,17,16,CAJNDQ010000012.1,CAJNDQ010000050.1,4419.3714137427,3.85920925284396,9.22879980938037e-134,3.32547933080926,2.70544203748567e-101
ENSCCRG00000070598,ENSCCRG00000025788,ap5b1,ap5b1,3,5,CAJNDQ010000043.1,CAJNDQ010000014.1,187.409156757065,3.83872580133152,2.42630983397589e-18,2.87973513791971,3.43748990520219e-12
ENSCCRG00000061738,ENSCCRG00000064592,,,4,2,CAJNDQ010000007.1,CAJNDQ010000001.1,520.617459821539,3.81889394198695,2.7494997411655998e-12,2.38027001102104,2.57674254953636e-05
ENSCCRG00000015444,ENSCCRG00000044532,ccng1,ccng1,7,7,CAJNDQ010000021.1,CAJNDQ010000036.1,23336.6097186874,3.81021629936672,1.63924737663554e-174,3.62444550237714,2.41481076167686e-156
ENSCCRG00000060074,ENSCCRG00000073672,,,12,10,CAJNDQ010000021.1,CAJNDQ010000036.1,363.302578729042,3.79905744535493,3.47665915428924e-25,3.22686558112307,8.89807477059751e-19
ENSCCRG00000005399,ENSCCRG00000005547,tra2b,tra2b,9,9,CAJNDQ010000042.1,CAJNDQ010000047.1,2411.76816600019,3.79893273785632,2.67053747276091e-53,3.77864347860526,2.74046209849911e-52
ENSCCRG00000042845,ENSCCRG00000028072,gfap,gfap,10,10,CAJNDQ010000004.1,CAJNDQ010000002.1,431.829327916706,3.78667397312484,1.66160421820991e-32,3.95619017158795,8.224667489985589e-36
ENSCCRG00000003193,ENSCCRG00000004395,,,28,27,CAJNDQ010000045.1,CAJNDQ010000026.1,269.526289499462,3.77911079138662,1.16761426726737e-22,1.21254211621875,0.0014866739840688
ENSCCRG00000071352,ENSCCRG00000047583,,,16,16,CAJNDQ010000029.1,CAJNDQ010000035.1,1695.65716581842,3.76299224278147,1.9464982770552397e-34,0.0901918910698002,0.857121671403783
ENSCCRG00000015688,ENSCCRG00000030625,pnhd,pnhd,12,7,CAJNDQ010000022.1,CAJNDQ010000030.1,165.312761232523,3.75189014124852,1.73227451292439e-07,2.06027173093292,0.0226627460153061
ENSCCRG00000001780,ENSCCRG00000064200,,,27,11,CAJNDQ010000022.1,CAJNDQ010000030.1,469.381793416338,3.75111717407762,1.21507117637228e-05,3.36882620683332,0.0001175170167482
ENSCCRG00000029124,ENSCCRG00000028587,,,13,16,CAJNDQ010000039.1,CAJNDQ010000046.1,392.950028130317,3.73364914440066,8.47434617614826e-14,1.39649190173246,0.0075662083293431
ENSCCRG00000034512,ENSCCRG00000006652,,,37,37,CAJNDQ010000042.1,CAJNDQ010000047.1,227.479343597439,3.72127682573772,4.2946274431058304e-14,3.00955779960287,0.004586028508845
ENSCCRG00000057469,ENSCCRG00000016653,unc93b1,unc93b1,15,13,CAJNDQ010000023.1,CAJNDQ010000028.1,488.287518379454,3.72078063739885,6.06474945421836e-63,3.82049442554703,1.0046881718183201e-73
ENSCCRG00000069522,ENSCCRG00000044533,tmem26b,tmem26b,7,6,CAJNDQ010000045.1,CAJNDQ010000026.1,280.315755556932,3.72071643762075,0.0161927496768777,4.14222855654961,0.0002925517904949
ENSCCRG00000063002,ENSCCRG00000002911,,,9,4,CAJNDQ010000004.1,CAJNDQ010000002.1,1337.34378522553,3.71703892335932,2.7304076649935703e-61,4.07713773331296,1.60942521783316e-72
ENSCCRG00000028135,ENSCCRG00000040007,pigu,pigu,12,13,CAJNDQ010000017.1,CAJNDQ010000011.1,706.220264268464,3.70348749510241,1.1878462777462802e-67,2.34875273442559,1.80997039242709e-41
ENSCCRG00000039020,ENSCCRG00000019075,parp1,parp1,24,27,CAJNDQ010000029.1,CAJNDQ010000035.1,2140.23905076169,3.68698725342046,8.652892928735931e-76,3.15702924395542,2.10355421135817e-55
ENSCCRG00000019853,ENSCCRG00000019807,DYRK4,DYRK4,15,15,CAJNDQ010000034.1,CAJNDQ010000038.1,152.446822280091,3.65197146917077,1.24571107025395e-07,0.153530170723098,0.854534557215024
ENSCCRG00000051273,ENSCCRG00000002052,lnpk,lnpk,18,14,CAJNDQ010000017.1,CAJNDQ010000011.1,665.864287036513,3.65040691961176,1.98465735719181e-53,4.71188640791329,6.93524192110344e-90
ENSCCRG00000066010,ENSCCRG00000033226,krr1,krr1,10,11,CAJNDQ010000037.1,CAJNDQ010000009.1,468.342255443856,3.63887304945687,3.40118391085193e-39,3.76323564228341,6.37758053369205e-42
ENSCCRG00000032172,ENSCCRG00000011094,stip1,stip1,14,14,CAJNDQ010000008.1,CAJNDQ010000016.1,1608.57065091534,3.61444405337191,9.17463898938407e-29,3.10725785825329,1.54746707129963e-21
ENSCCRG00000011331,ENSCCRG00000014957,DPY19L3,DPY19L3,20,20,CAJNDQ010000007.1,CAJNDQ010000001.1,268.77390486857,3.61268181632654,9.274128174741981e-31,4.30403241715149,4.5558382031103896e-42
ENSCCRG00000062810,ENSCCRG00000011040,insig1,insig1,6,6,CAJNDQ010000007.1,CAJNDQ010000001.1,318.564856092997,3.60524929558222,6.85131027964938e-23,2.43144331771498,1.27285533113716e-10
ENSCCRG00000078741,ENSCCRG00000062971,zgc:113054,zgc:113054,11,11,CAJNDQ010000017.1,CAJNDQ010000011.1,175.940519821299,3.59471124258267,1.4613337319292301e-19,2.9790488306033,2.2530223306068502e-14
ENSCCRG00000003704,ENSCCRG00000072550,,,25,25,CAJNDQ010000044.1,CAJNDQ010000006.1,428.261413100123,3.5907474052503,5.35557500581606e-09,-0.0671994098884402,0.948001431701284
ENSCCRG00000024971,ENSCCRG00000016117,taf11,taf11,4,13,CAJNDQ010000012.1,CAJNDQ010000050.1,771.529250998742,3.58126451552089,4.27278920317107e-53,3.0968641263177,3.6019351919629898e-40
ENSCCRG00000025615,ENSCCRG00000069128,maip1,maip1,6,6,CAJNDQ010000042.1,CAJNDQ010000047.1,187.370588617084,3.56277668084757,2.8967084863641398e-27,3.48562527236438,5.05752137526656e-29
ENSCCRG00000077361,ENSCCRG00000018408,HS3ST1,HS3ST1,3,4,CAJNDQ010000021.1,CAJNDQ010000036.1,332.243431377819,3.55464502098399,5.1181695787365194e-18,2.81109116150574,7.26101947203495e-12
ENSCCRG00000019057,ENSCCRG00000056635,nat10,nat10,35,30,CAJNDQ010000010.1,CAJNDQ010000020.1,1048.40110256882,3.54950147704392,4.11867922807153e-43,2.48779541330684,3.40101668541574e-22
ENSCCRG00000034180,ENSCCRG00000054796,kcnk6,kcnk6,3,3,CAJNDQ010000010.1,CAJNDQ010000020.1,1515.92508317028,3.54918318638557,5.44394825146766e-38,3.43804662540757,2.99206809721618e-32
ENSCCRG00000080302,ENSCCRG00000010452,rnd1a,rnd1a,5,5,CAJNDQ010000012.1,CAJNDQ010000050.1,311.952292659733,3.54413658511528,1.52849895109065e-16,1.81531712925285,5.73372579197934e-05
ENSCCRG00000014670,ENSCCRG00000047532,,,30,27,CAJNDQ010000034.1,CAJNDQ010000038.1,724.184555159336,3.54230830178912,8.67850477883812e-16,2.81500796689355,2.34945510423096e-10
ENSCCRG00000047262,ENSCCRG00000006030,,,15,7,CAJNDQ010000019.1,CAJNDQ010000049.1,253.774271580335,3.52254028947828,9.887855277984659e-18,2.62329055679387,7.22964268103328e-11
ENSCCRG00000055258,ENSCCRG00000017239,tmem223,tmem223,2,3,CAJNDQ010000039.1,CAJNDQ010000046.1,251.810302514259,3.49959167765855,1.84263420646796e-06,3.14392513998315,2.27418352149946e-05
ENSCCRG00000073478,ENSCCRG00000082047,sh3bgr,sh3bgr,17,13,CAJNDQ010000040.1,CAJNDQ010000027.1,633.643958811421,3.49429729852016,2.5513744746268397e-36,2.53054174013321,3.87327727951223e-20
ENSCCRG00000056806,ENSCCRG00000057942,lgmn,lgmn,14,14,CAJNDQ010000019.1,CAJNDQ010000049.1,3403.46834579422,3.48736745179808,5.654556061484101e-118,0.789439324145474,1.36334123217141e-07
ENSCCRG00000068989,ENSCCRG00000030796,heca,heca,7,5,CAJNDQ010000029.1,CAJNDQ010000035.1,855.727223951111,3.47218904639124,6.03352393085937e-37,3.43339261184863,4.27370023015348e-36
ENSCCRG00000022641,ENSCCRG00000020973,zdhhc15b,zdhhc15b,12,12,CAJNDQ010000021.1,CAJNDQ010000036.1,431.446530048483,3.46429773850985,3.96622763279428e-42,3.0645966642042,2.6057959117002e-35
ENSCCRG00000041508,ENSCCRG00000006466,,,18,18,CAJNDQ010000008.1,CAJNDQ010000016.1,202.501249311921,3.45710383564949,2.01006825490101e-06,4.22234923716463,2.42170493060215e-08
ENSCCRG00000031037,ENSCCRG00000037792,gcfc2,gcfc2,25,19,CAJNDQ010000005.1,CAJNDQ010000031.1,1084.13449887981,3.45164862308659,7.15052176331502e-80,3.66971974188865,2.4435163194661e-89
ENSCCRG00000007205,ENSCCRG00000003051,asphd2,asphd2,6,5,CAJNDQ010000018.1,CAJNDQ010000024.1,283.320578645196,3.44270944564312,9.48731687108134e-10,2.54618028228814,2.56097186074827e-06
ENSCCRG00000003575,ENSCCRG00000079075,si:ch211-79k12.1,si:ch211-79k12.1,8,11,CAJNDQ010000003.1,CAJNDQ010000048.1,218.688119924727,3.4003370599667,1.45958488664415e-07,3.05322391388522,3.25226884085901e-06
ENSCCRG00000040660,ENSCCRG00000039031,ADAMTS9,ADAMTS9,29,39,CAJNDQ010000043.1,CAJNDQ010000014.1,597.628498753728,3.39906569181285,1.3379248230139199e-49,1.89852418668434,1.00054296141503e-17
ENSCCRG00000004856,ENSCCRG00000022938,serpine2,serpine2,9,10,CAJNDQ010000040.1,CAJNDQ010000027.1,1536.78790706818,3.39894893098959,1.1012805621411e-35,1.01375720545373,0.000627635595828
ENSCCRG00000068915,ENSCCRG00000061053,,,6,6,CAJNDQ010000042.1,CAJNDQ010000047.1,579.4695558578,3.39517370842605,3.62437598966001e-05,4.07223580834566,1.68746190464263e-05
ENSCCRG00000073713,ENSCCRG00000075555,,,3,5,CAJNDQ010000012.1,CAJNDQ010000050.1,251.416190976632,3.3934523288546,0.0001784332397066,3.23201510751831,0.000465681706755
ENSCCRG00000062151,ENSCCRG00000001705,rad1,rad1,17,4,CAJNDQ010000040.1,CAJNDQ010000027.1,234.300477610931,3.38476078580183,1.53403086438463e-24,3.46385155624814,1.21700105672591e-22
ENSCCRG00000051143,ENSCCRG00000069176,mmab,mmab,10,10,CAJNDQ010000008.1,CAJNDQ010000016.1,789.580936024,3.38037328568854,4.29716175177898e-34,2.47161760967773,9.12045427381266e-19
ENSCCRG00000063176,ENSCCRG00000018042,trim105,trim105,8,9,CAJNDQ010000021.1,CAJNDQ010000036.1,213.994037386322,3.37666751213199,2.54653374080604e-24,2.40484717961606,1.00602162715704e-13
ENSCCRG00000068688,ENSCCRG00000080663,dazap1,dazap1,13,13,CAJNDQ010000043.1,CAJNDQ010000014.1,467.232475668745,3.37606103394753,6.502763162797051e-58,2.26726624161097,3.25342094114714e-28
ENSCCRG00000021747,ENSCCRG00000011115,znf330,znf330,13,10,CAJNDQ010000023.1,CAJNDQ010000028.1,405.423620869746,3.36022954881696,1.0137592535416099e-28,3.11139604520089,1.4003316019245101e-24
ENSCCRG00000023673,ENSCCRG00000025347,ada2a,ada2a,10,10,CAJNDQ010000034.1,CAJNDQ010000038.1,278.797369846358,3.36004398603904,4.99426555372823e-24,3.97593306607874,3.72323352659672e-29
ENSCCRG00000045526,ENSCCRG00000063857,mrpl28,mrpl28,7,7,CAJNDQ010000040.1,CAJNDQ010000027.1,219.440630556324,3.3577362691522,3.52456169929424e-49,2.32513736534538,1.99619341450574e-29
ENSCCRG00000060275,ENSCCRG00000035652,ST3GAL1,ST3GAL1,8,9,CAJNDQ010000032.1,CAJNDQ010000013.1,264.336378669887,3.34727236558577,2.75497210844158e-33,2.17787437254506,5.41591099605211e-16
ENSCCRG00000054408,ENSCCRG00000034129,ino80b,ino80b,6,7,CAJNDQ010000007.1,CAJNDQ010000001.1,464.359408821383,3.29556006349816,2.9349140290738e-19,4.11384037501416,2.80110625016742e-27
ENSCCRG00000079768,ENSCCRG00000049690,,,9,8,CAJNDQ010000042.1,CAJNDQ010000047.1,198.208509339436,3.29545611850965,8.77272662352252e-10,1.74784748641373,0.0009836415982601
ENSCCRG00000071782,ENSCCRG00000045979,foxh1,foxh1,4,4,CAJNDQ010000045.1,CAJNDQ010000026.1,1532.30874522087,3.29488367527782,3.70041314723183e-20,2.36273537818924,0.158856446026277
ENSCCRG00000065901,ENSCCRG00000060479,,,15,16,CAJNDQ010000043.1,CAJNDQ010000014.1,202.495866441779,3.29083893205653,0.0163550104806696,4.29027493412633,0.0016734206164733
ENSCCRG00000039887,ENSCCRG00000021797,,,31,30,CAJNDQ010000033.1,CAJNDQ010000025.1,818.652003824457,3.28061821540073,1.47095015906168e-15,4.36593654953912,4.0455543070487196e-26
ENSCCRG00000018824,ENSCCRG00000013969,ess2,ess2,19,12,CAJNDQ010000033.1,CAJNDQ010000025.1,666.195955140283,3.27263312455705,6.2472321213017905e-65,2.92535980231967,3.64733685973993e-58
ENSCCRG00000078671,ENSCCRG00000027417,dnajb13,dnajb13,16,9,CAJNDQ010000033.1,CAJNDQ010000025.1,171.730360345532,3.24325772283887,3.2813868606037896e-12,2.69138160283693,4.1830045465937306e-09
ENSCCRG00000044049,ENSCCRG00000044186,appb,appb,17,17,CAJNDQ010000042.1,CAJNDQ010000047.1,490.682323081664,3.24094691023885,3.97608876879903e-30,1.66934536943019,5.442525902424951e-09
ENSCCRG00000035885,ENSCCRG00000023341,utp6,utp6,19,20,CAJNDQ010000017.1,CAJNDQ010000011.1,780.08499259868,3.21922127592711,8.78867397974977e-31,3.37472213378719,6.80386166737981e-33
ENSCCRG00000028513,ENSCCRG00000028738,mus81,mus81,19,14,CAJNDQ010000007.1,CAJNDQ010000001.1,410.180594959735,3.2187420928408,6.44049360731042e-40,3.87499105610105,4.71144476374972e-50
ENSCCRG00000026837,ENSCCRG00000000972,,,13,11,CAJNDQ010000012.1,CAJNDQ010000050.1,271.412002308313,3.2179954359998,8.48341941005025e-07,3.6157704677007,3.12526620491884e-08
ENSCCRG00000039776,ENSCCRG00000029139,rufy3,rufy3,19,19,CAJNDQ010000008.1,CAJNDQ010000016.1,667.627212496149,3.19719564569586,3.76621199588304e-51,1.06607716218742,1.02419360665058e-06
ENSCCRG00000035888,ENSCCRG00000040595,,,20,13,CAJNDQ010000005.1,CAJNDQ010000031.1,572.319754134657,3.19627340223456,4.5351771862022804e-45,0.248169349457161,0.413468380860113
ENSCCRG00000081966,ENSCCRG00000008310,,,34,26,CAJNDQ010000019.1,CAJNDQ010000049.1,188.994712905687,3.18948726592077,6.05080283870653e-10,0.0239314071070922,0.976709131276503
ENSCCRG00000031991,ENSCCRG00000031052,,,20,21,CAJNDQ010000034.1,CAJNDQ010000038.1,207.96677495209,3.18820109369027,6.27794334931145e-16,1.1302157424402,0.0066647905727129
ENSCCRG00000014411,ENSCCRG00000051412,map3k20a,map3k20a,13,13,CAJNDQ010000017.1,CAJNDQ010000011.1,276.346674294322,3.18188294720534,1.36709601050075e-06,2.37624456558771,0.0004496728512383
ENSCCRG00000010184,ENSCCRG00000046719,zgc:154046,zgc:154046,15,16,CAJNDQ010000018.1,CAJNDQ010000024.1,276.936179138198,3.17192050258757,1.4573941858707598e-30,1.87643939340731,5.28238621772318e-15
ENSCCRG00000080583,ENSCCRG00000053209,,,2,4,CAJNDQ010000037.1,CAJNDQ010000009.1,255.428070668592,3.16687168702976,3.49419299701172e-17,3.38715390077171,8.74408750883195e-19
ENSCCRG00000016334,ENSCCRG00000018932,INTS4,INTS4,23,24,CAJNDQ010000010.1,CAJNDQ010000020.1,479.622822831453,3.16495831298226,9.44875234245673e-49,4.10732512642872,1.98271846880811e-68
ENSCCRG00000058056,ENSCCRG00000014520,oip5,oip5,5,6,CAJNDQ010000019.1,CAJNDQ010000049.1,189.633862363426,3.15107368240818,1.26866569256497e-23,3.02883420051019,6.20465377941218e-20
ENSCCRG00000010547,ENSCCRG00000064600,pex11a,pex11a,5,4,CAJNDQ010000010.1,CAJNDQ010000020.1,169.707396853413,3.14969136173621,0.0007153150591874,4.89387906491993,7.63853373213334e-07
ENSCCRG00000050964,ENSCCRG00000048347,,,16,16,CAJNDQ010000039.1,CAJNDQ010000046.1,436.983882477543,3.14649744425806,4.600868566609521e-09,1.95256763111006,0.0005217526008469
ENSCCRG00000056673,ENSCCRG00000062173,PLEKHF1,PLEKHF1,9,3,CAJNDQ010000007.1,CAJNDQ010000001.1,407.504935379542,3.12416840539157,1.52127747307183e-50,2.46578437990377,2.7366929870181e-32
ENSCCRG00000030096,ENSCCRG00000076223,dhx37,dhx37,28,26,CAJNDQ010000018.1,CAJNDQ010000024.1,582.289970517769,3.1234234859353,4.16617116628951e-31,2.92252638499582,3.59680520697412e-27
ENSCCRG00000048987,ENSCCRG00000073324,HDGFL3,HDGFL3,7,7,CAJNDQ010000010.1,CAJNDQ010000020.1,159.169409213521,3.12293629422679,3.84507584344633e-19,2.66765863759083,1.5737074806287e-17
ENSCCRG00000053678,ENSCCRG00000006972,ctps1b,ctps1b,23,17,CAJNDQ010000003.1,CAJNDQ010000048.1,794.3059967663,3.11742924553535,2.04258517749559e-35,3.73405184426207,5.659959968466001e-48
ENSCCRG00000058615,ENSCCRG00000004661,,,25,25,CAJNDQ010000032.1,CAJNDQ010000013.1,651.117345059178,3.11605102906506,1.23138547317204e-36,2.75843995395326,2.5328097197862096e-30
ENSCCRG00000026198,ENSCCRG00000041172,,,43,42,CAJNDQ010000008.1,CAJNDQ010000016.1,420.833684215667,3.10937855759771,1.47329296868488e-06,3.11529021884058,1.6539252560205e-06
ENSCCRG00000010692,ENSCCRG00000066820,,,35,35,CAJNDQ010000043.1,CAJNDQ010000014.1,609.188954994501,3.10248936565481,2.41523780505473e-40,1.39695301055201,2.6353213945388903e-09
ENSCCRG00000073442,ENSCCRG00000000849,,,23,23,CAJNDQ010000023.1,CAJNDQ010000028.1,518.178823155591,3.08976854344343,1.72989897012905e-13,2.57552651006717,1.44212418686167e-10
ENSCCRG00000040412,ENSCCRG00000052780,btg3,btg3,5,5,CAJNDQ010000033.1,CAJNDQ010000025.1,928.839901518324,3.08308452292504,6.376476225293481e-09,3.43800793853792,2.55286434068886e-10
ENSCCRG00000033507,ENSCCRG00000011762,rbm28,rbm28,21,18,CAJNDQ010000010.1,CAJNDQ010000020.1,1386.80761504505,3.07342352183829,3.18583245701919e-34,2.77471825947243,4.26814984598622e-28
ENSCCRG00000027722,ENSCCRG00000081704,apobec2a,apobec2a,7,6,CAJNDQ010000044.1,CAJNDQ010000006.1,161.160239177978,3.07266204969383,4.62147148281825e-08,2.62196735169813,3.92635219622735e-06
ENSCCRG00000077943,ENSCCRG00000055766,mfsd8,mfsd8,13,14,CAJNDQ010000045.1,CAJNDQ010000026.1,446.023168393087,3.07055475348825,4.76448379509124e-84,1.87663970346657,3.16692733396749e-33
ENSCCRG00000027034,ENSCCRG00000049375,PHKA1,PHKA1,34,35,CAJNDQ010000007.1,CAJNDQ010000001.1,1949.91603813535,3.05345421533729,1.80978098798502e-85,1.54446627492484,2.1589068914194597e-36
ENSCCRG00000034628,ENSCCRG00000008078,agpat4,agpat4,10,12,CAJNDQ010000019.1,CAJNDQ010000049.1,251.247599003265,3.03965233153992,1.7268282457541e-30,1.75729669889463,1.2316406699120199e-11
ENSCCRG00000031308,ENSCCRG00000081887,itpr3,itpr3,59,62,CAJNDQ010000018.1,CAJNDQ010000024.1,1562.91644457891,3.02962209737822,1.93644372261411e-39,1.21662739207309,1.59692440921492e-07
ENSCCRG00000018104,ENSCCRG00000066486,agtpbp1,agtpbp1,27,28,CAJNDQ010000018.1,CAJNDQ010000024.1,236.33544369024,3.02883152717925,8.43333769531616e-05,3.09593093287762,6.39024788212992e-05
ENSCCRG00000072257,ENSCCRG00000024592,cers2a,cers2a,13,12,CAJNDQ010000032.1,CAJNDQ010000013.1,511.032321552423,3.02193287004439,8.4578243740529e-11,1.72502105064284,0.000397338317852
ENSCCRG00000062542,ENSCCRG00000064463,ptpn22,ptpn22,28,28,CAJNDQ010000012.1,CAJNDQ010000050.1,174.037977312132,2.99236040329057,2.80113038832848e-12,1.69144276143234,0.0001337154522013
ENSCCRG00000036577,ENSCCRG00000024701,vac14,vac14,19,19,CAJNDQ010000034.1,CAJNDQ010000038.1,1250.94891044599,2.98843666770409,2.01765988516299e-24,1.86269654659703,4.36881432208082e-10
ENSCCRG00000073401,ENSCCRG00000050732,JADE2,JADE2,15,11,CAJNDQ010000039.1,CAJNDQ010000046.1,230.070680991004,2.98705121910796,9.94553827125996e-17,3.84926242739524,2.7804784518667303e-25
ENSCCRG00000027876,ENSCCRG00000008904,PHKB,PHKB,32,29,CAJNDQ010000007.1,CAJNDQ010000001.1,384.413100820508,2.98139632395497,9.86679329341744e-13,3.06186911165368,8.33770687059187e-14
ENSCCRG00000019001,ENSCCRG00000036556,MYO5A,MYO5A,42,43,CAJNDQ010000010.1,CAJNDQ010000020.1,432.41145506917,2.97925436133146,4.6563304813617e-11,1.12823634867291,0.022930991332677
ENSCCRG00000061578,ENSCCRG00000033662,cd164,cd164,6,6,CAJNDQ010000029.1,CAJNDQ010000035.1,1424.01606316288,2.97041138062898,3.56514195774802e-54,2.67574937231963,6.64505213661752e-45
ENSCCRG00000030994,ENSCCRG00000041778,,,23,18,CAJNDQ010000012.1,CAJNDQ010000050.1,562.025696456332,2.95898994509233,2.0785227347191398e-57,1.8856375243313,2.83595970082609e-27
ENSCCRG00000024866,ENSCCRG00000072115,akip1,akip1,5,6,CAJNDQ010000010.1,CAJNDQ010000020.1,346.530552218124,2.95842218996812,0.0492598957369279,3.77001130136862,0.0139439122866205
ENSCCRG00000068922,ENSCCRG00000037567,CERS3,,15,15,CAJNDQ010000007.1,CAJNDQ010000001.1,351.023327370256,2.95253588398439,4.1980028467824e-30,2.02019715546944,3.08427693952669e-14
ENSCCRG00000040615,ENSCCRG00000040555,LARS1,LARS1,34,32,CAJNDQ010000039.1,CAJNDQ010000046.1,1581.29910613155,2.95202241542673,1.55505805601072e-87,2.48594684203277,1.15720590692599e-66
ENSCCRG00000002181,ENSCCRG00000033493,btg4,btg4,5,4,CAJNDQ010000008.1,CAJNDQ010000016.1,8510.94420450884,2.94460783542816,0.0233257061777686,-1.17260349415527,0.241147270504877
ENSCCRG00000057189,ENSCCRG00000005433,kri1,kri1,27,19,CAJNDQ010000004.1,CAJNDQ010000002.1,1907.36893462205,2.91185170001876,5.46406364052739e-35,3.57570633581416,5.122306564406899e-50
ENSCCRG00000004789,ENSCCRG00000052858,mcm10,mcm10,18,16,CAJNDQ010000037.1,CAJNDQ010000009.1,773.446506831775,2.90308006361506,7.02303117929773e-19,3.08060601207854,4.6037952975643303e-20
ENSCCRG00000058769,ENSCCRG00000013130,trim101,trim101,15,9,CAJNDQ010000012.1,CAJNDQ010000050.1,277.78609802833,2.89164688138093,1.83200413205477e-29,1.37228192814666,9.53722656126728e-08
ENSCCRG00000045221,ENSCCRG00000011004,grip2a,grip2a,32,28,CAJNDQ010000018.1,CAJNDQ010000024.1,1290.91028021703,2.87523380133285,2.34766351784172e-15,3.74205426038908,3.8066748960096e-19
ENSCCRG00000051240,ENSCCRG00000050982,mks1,mks1,19,18,CAJNDQ010000008.1,CAJNDQ010000016.1,238.158262009413,2.86106729346498,4.57198272997002e-07,2.34771309546819,4.5544995699801e-05
ENSCCRG00000066459,ENSCCRG00000070825,armc1,armc1,8,8,CAJNDQ010000015.1,CAJNDQ010000041.1,1058.88819070502,2.84922300116281,1.82325253249782e-19,2.36174499375397,5.07351576494968e-14
ENSCCRG00000059852,ENSCCRG00000078805,alkbh3,alkbh3,11,10,CAJNDQ010000034.1,CAJNDQ010000038.1,613.173735533206,2.84804225374887,9.482797837293941e-15,3.02614124602687,1.99404896936532e-16
ENSCCRG00000019148,ENSCCRG00000037690,spint2,spint2,10,5,CAJNDQ010000040.1,CAJNDQ010000027.1,1807.66789209874,2.83704771112349,1.07154282047329e-74,1.6600292228087,5.257208823323159e-26
ENSCCRG00000066950,ENSCCRG00000008861,rpp21,rpp21,5,5,CAJNDQ010000044.1,CAJNDQ010000006.1,506.717456017907,2.82985576751561,8.32883608111313e-14,2.14348005922044,5.33995206953452e-08
ENSCCRG00000024345,ENSCCRG00000017755,loxl2b,loxl2b,18,14,CAJNDQ010000008.1,CAJNDQ010000016.1,298.245742249394,2.82473187210888,2.90865847189223e-08,2.06964476287194,7.95024223905696e-05
ENSCCRG00000010382,ENSCCRG00000043365,tspan15,tspan15,8,9,CAJNDQ010000019.1,CAJNDQ010000049.1,1221.64159130835,2.82457761526905,3.2032536936828503e-54,2.51923235371293,5.83440953179171e-44
ENSCCRG00000064460,ENSCCRG00000004501,,,15,17,CAJNDQ010000034.1,CAJNDQ010000038.1,229.848595111825,2.81078966050047,0.0005557722652939,1.86887916832142,0.031277436594254
ENSCCRG00000011472,ENSCCRG00000002279,plod2,plod2,22,27,CAJNDQ010000015.1,CAJNDQ010000041.1,334.169978456088,2.80737841453627,1.68506713099344e-05,0.804271274989864,0.312174956370882
ENSCCRG00000036031,ENSCCRG00000033442,capgb,capgb,9,10,CAJNDQ010000045.1,CAJNDQ010000026.1,190.94681267952,2.80603056077372,9.41429242967249e-07,0.859973956677482,0.201089973723678
ENSCCRG00000005564,ENSCCRG00000057028,wdr45b,wdr45b,10,7,CAJNDQ010000045.1,CAJNDQ010000026.1,344.603356913567,2.80379562733507,1.0445064603309899e-27,2.63949724584796,1.0887928299914e-24
ENSCCRG00000036609,ENSCCRG00000039764,,,9,10,CAJNDQ010000023.1,CAJNDQ010000028.1,317.409438268569,2.7960958005996,2.85088475599116e-18,2.06662051024051,1.24356770264263e-10
ENSCCRG00000054768,ENSCCRG00000000939,mfsd6l,mfsd6l,2,2,CAJNDQ010000004.1,CAJNDQ010000002.1,199.693362952529,2.79520040477944,2.2249344217631e-05,1.37718438095165,0.0487559077473533
ENSCCRG00000053521,ENSCCRG00000020216,casp3a,casp3a,7,6,CAJNDQ010000023.1,CAJNDQ010000028.1,1301.40709645388,2.79130491958944,2.29829503802567e-50,2.3179473500664,5.54182008100528e-38
ENSCCRG00000073005,ENSCCRG00000073955,fkbp14,fkbp14,6,4,CAJNDQ010000003.1,CAJNDQ010000048.1,161.458744313027,2.78485289362673,1.2210147816807699e-12,1.76347453435586,1.18197620833321e-05
ENSCCRG00000068908,ENSCCRG00000078283,plp2b,plp2b,6,5,CAJNDQ010000018.1,CAJNDQ010000024.1,507.862039654394,2.7847918778175,4.41114389885097e-21,3.0032530483424,2.45882458606495e-24
ENSCCRG00000082416,ENSCCRG00000026478,tmod4,tmod4,11,9,CAJNDQ010000003.1,CAJNDQ010000048.1,196.451735229981,2.78394352791311,6.43399036174207e-05,2.34353729581687,0.0009054254524813
ENSCCRG00000069777,ENSCCRG00000066100,hspb1,hspb1,4,4,CAJNDQ010000008.1,CAJNDQ010000016.1,177.910208666094,2.77622000451136,0.0313101084467843,2.98282453349806,0.0224507363814121
ENSCCRG00000008862,ENSCCRG00000074541,mbnl3,mbnl3,10,11,CAJNDQ010000021.1,CAJNDQ010000036.1,814.943403674211,2.76934374220909,2.1172458009446e-54,2.12716916437537,2.01871218616031e-34
ENSCCRG00000068878,ENSCCRG00000079433,sirt5,sirt5,12,13,CAJNDQ010000029.1,CAJNDQ010000035.1,230.103490956727,2.76815126349636,4.46678638156615e-08,3.53477696802573,5.7575639251496e-13
ENSCCRG00000004352,ENSCCRG00000017308,mtmr1b,mtmr1b,16,16,CAJNDQ010000039.1,CAJNDQ010000046.1,247.143498032278,2.76200237812499,8.11602420267938e-19,2.89161588148072,1.0537093648902101e-20
ENSCCRG00000055722,ENSCCRG00000033511,diabloa,diabloa,7,6,CAJNDQ010000040.1,CAJNDQ010000027.1,256.364483521501,2.75929217103247,7.945747781499529e-18,0.46498807977049,0.229719543719871
ENSCCRG00000024083,ENSCCRG00000052906,,,5,5,CAJNDQ010000008.1,CAJNDQ010000016.1,17067.5430304775,2.74885828573548,0.0001302073681312,0.56556523240697,0.771891607504358
ENSCCRG00000052504,ENSCCRG00000011377,sdad1,sdad1,22,22,CAJNDQ010000039.1,CAJNDQ010000046.1,813.96471181484,2.7379738277384,6.19175984197103e-08,3.12686706438712,6.27102651891706e-10
ENSCCRG00000029372,ENSCCRG00000004961,taf1,taf1,42,42,CAJNDQ010000008.1,CAJNDQ010000016.1,799.141312374474,2.73133137623131,1.65872023519029e-13,2.91695459031027,3.56690261986742e-15
ENSCCRG00000025062,ENSCCRG00000008001,tspan7b,tspan7b,8,8,CAJNDQ010000044.1,CAJNDQ010000006.1,310.389776047676,2.72553777198058,3.24787134863638e-14,0.972778448198277,0.0127323217315133
ENSCCRG00000081687,ENSCCRG00000048967,slc7a6,slc7a6,10,11,CAJNDQ010000007.1,CAJNDQ010000001.1,2544.82565179505,2.71985828859683,2.09483164567684e-36,2.39501203370908,2.68429618031717e-29
ENSCCRG00000038329,ENSCCRG00000004632,,,20,12,CAJNDQ010000042.1,CAJNDQ010000047.1,360.105048383231,2.70815620180143,,1.51609986813145,
ENSCCRG00000038493,ENSCCRG00000046118,ptpn4b,ptpn4b,29,29,CAJNDQ010000044.1,CAJNDQ010000006.1,378.241053774961,2.70429713064762,1.09655625139944e-16,1.94361479690998,6.007012412907651e-09
ENSCCRG00000073209,ENSCCRG00000075928,,,15,15,CAJNDQ010000005.1,CAJNDQ010000031.1,311.208591377454,2.67149505916685,6.37335034125596e-14,2.60755525105172,8.44906575222228e-23
ENSCCRG00000064930,ENSCCRG00000043976,,,7,8,CAJNDQ010000022.1,CAJNDQ010000030.1,4661.9974870166,2.67109546442269,3.7443081155966895e-92,2.94185662931711,1.5668453198747e-105
ENSCCRG00000015462,ENSCCRG00000056049,spryd7a,spryd7a,8,5,CAJNDQ010000023.1,CAJNDQ010000028.1,199.562432244975,2.66753038488323,1.18015794792478e-19,2.43391742133261,1.95907559205835e-16
ENSCCRG00000001135,ENSCCRG00000001171,fdps,fdps,10,10,CAJNDQ010000003.1,CAJNDQ010000048.1,168.801062960143,2.65893727705184,1.24715243411408e-09,2.5450128161122,1.28175993070845e-09
ENSCCRG00000009824,ENSCCRG00000053290,amy2al1,amy2al1,11,11,CAJNDQ010000005.1,CAJNDQ010000031.1,348.218133227439,2.6565603770618,4.46726446645118e-08,3.91413409971676,3.0387720034029e-12
ENSCCRG00000033736,ENSCCRG00000051256,pitpnaa,pitpnaa,12,12,CAJNDQ010000040.1,CAJNDQ010000027.1,599.131587725524,2.6536117385724,5.1816587592729e-48,1.34809062167674,8.20582657436311e-15
ENSCCRG00000017112,ENSCCRG00000000378,unc13a,unc13a,44,43,CAJNDQ010000044.1,CAJNDQ010000006.1,157.629138136033,2.65196510162114,1.31893290769811e-05,1.51775645667351,0.0186955598249529
ENSCCRG00000020373,ENSCCRG00000049490,cibar1,cibar1,9,9,CAJNDQ010000032.1,CAJNDQ010000013.1,483.969889728713,2.65156076451415,8.7674738436851e-36,3.3765131464106,1.59545153200452e-48
ENSCCRG00000048185,ENSCCRG00000014236,tubgcp2,tubgcp2,19,19,CAJNDQ010000045.1,CAJNDQ010000026.1,1063.61082215238,2.65151334341321,2.5250974923766796e-11,2.26255842239898,1.4827455031958e-08
ENSCCRG00000041908,ENSCCRG00000040779,sprtn,sprtn,7,6,CAJNDQ010000029.1,CAJNDQ010000035.1,493.742926211672,2.64965149571665,2.5057120731922103e-15,2.43402430054162,4.3233999594888e-13
ENSCCRG00000065042,ENSCCRG00000007280,,,31,22,CAJNDQ010000021.1,CAJNDQ010000036.1,4005.11418349208,2.64821404154684,4.669682542146579e-42,2.5705226239467,1.07942251706658e-39
ENSCCRG00000081549,ENSCCRG00000019739,cideb,cideb,6,5,CAJNDQ010000007.1,CAJNDQ010000001.1,189.849411005215,2.64772048267323,1.86023852713966e-22,0.558682610090742,0.0514920184790246
ENSCCRG00000063749,ENSCCRG00000030965,,,39,31,CAJNDQ010000034.1,CAJNDQ010000038.1,237.0531073418,2.64661441578925,0.0071545882415235,4.57681154953401,6.59598274520562e-06
ENSCCRG00000008140,ENSCCRG00000045547,cep63,cep63,16,17,CAJNDQ010000017.1,CAJNDQ010000011.1,197.624841098836,2.64167582993287,1.83472161845123e-24,2.70313233923886,3.21110756216571e-25
ENSCCRG00000073622,ENSCCRG00000002399,mknk1,mknk1,17,15,CAJNDQ010000043.1,CAJNDQ010000014.1,1193.10620389923,2.63519794006352,1.08801161472697e-27,1.6476483394986,3.3375668561659e-11
ENSCCRG00000077571,ENSCCRG00000025958,,,38,36,CAJNDQ010000040.1,CAJNDQ010000027.1,877.965939354791,2.61547898872417,3.68170314261723e-22,2.71128606069638,1.38542979086936e-23
ENSCCRG00000067732,ENSCCRG00000075567,atp6v1b2,atp6v1b2,15,14,CAJNDQ010000033.1,CAJNDQ010000025.1,173.005351980946,2.61471154928216,4.56975608124246e-18,1.08707863641829,0.0002963794551187
ENSCCRG00000000596,ENSCCRG00000000053,,,14,13,CAJNDQ010000023.1,CAJNDQ010000028.1,310.273742188186,2.61105596277958,1.7766162383360398e-11,1.75363110548949,8.40985683892464e-06
ENSCCRG00000048219,ENSCCRG00000045253,sepsecs,sepsecs,12,12,CAJNDQ010000007.1,CAJNDQ010000001.1,244.658888947906,2.61075901330653,1.16714863450757e-29,2.64532073564416,1.22152933954425e-29
ENSCCRG00000033634,ENSCCRG00000015117,,,9,6,CAJNDQ010000010.1,CAJNDQ010000020.1,169.321847708977,2.60119241740374,5.003179245198251e-09,1.95804950207235,1.68172206554947e-05
ENSCCRG00000026623,ENSCCRG00000047366,anapc7,anapc7,12,11,CAJNDQ010000018.1,CAJNDQ010000024.1,906.219341275933,2.59674892178471,6.39683979425949e-48,2.19761266153201,6.8383592368311996e-37
ENSCCRG00000015072,ENSCCRG00000028907,mib2,mib2,22,21,CAJNDQ010000018.1,CAJNDQ010000024.1,1111.28276580367,2.59626853925199,2.89052007151995e-26,2.70289760565539,6.17319792563133e-28
ENSCCRG00000017166,ENSCCRG00000055097,,,4,5,CAJNDQ010000023.1,CAJNDQ010000028.1,321.725074928887,2.59219529696654,5.178132143222081e-25,2.71549603330228,1.46883986552466e-26
ENSCCRG00000075248,ENSCCRG00000050706,,,3,2,CAJNDQ010000021.1,CAJNDQ010000036.1,936.262106354647,2.58430295817183,7.139759552033339e-26,2.31367212434674,9.84872162797335e-17
ENSCCRG00000046476,ENSCCRG00000004745,wnt11f2,wnt11f2,5,5,CAJNDQ010000008.1,CAJNDQ010000016.1,824.853995223883,2.58137907251769,2.32457984846319e-08,2.53734376970089,2.21192749148757e-06
ENSCCRG00000014659,ENSCCRG00000023164,hspa4a,hspa4a,24,26,CAJNDQ010000039.1,CAJNDQ010000046.1,2545.66242999691,2.57998893776186,6.69227562179766e-54,1.5061758559986,1.0993884332453e-19
ENSCCRG00000011939,ENSCCRG00000010216,OSBPL1A,OSBPL1A,30,30,CAJNDQ010000044.1,CAJNDQ010000006.1,256.373654016265,2.57647676617457,1.19531571527063e-25,2.60112366921852,1.94458228522437e-26
ENSCCRG00000064355,ENSCCRG00000056799,cdk14,cdk14,22,14,CAJNDQ010000003.1,CAJNDQ010000048.1,613.257800479464,2.57203507372997,4.69433582230527e-19,1.80877452760883,4.51529677772657e-11
ENSCCRG00000053855,ENSCCRG00000046209,sdf2,sdf2,3,5,CAJNDQ010000039.1,CAJNDQ010000046.1,337.32639160294,2.56680385157837,0.0270534365219476,2.55544789002228,0.0316939145177071
ENSCCRG00000072872,ENSCCRG00000013299,rgs2,rgs2,5,5,CAJNDQ010000044.1,CAJNDQ010000006.1,352.661031325927,2.56282827176991,9.85673965161222e-07,1.41262994876516,0.0149825182417532
ENSCCRG00000067956,ENSCCRG00000074232,,,4,3,CAJNDQ010000033.1,CAJNDQ010000025.1,739.512271000316,2.55694817449413,2.81664915684735e-08,2.98612397938142,2.45982948195645e-06
ENSCCRG00000027881,ENSCCRG00000029364,ece2b,ece2b,21,20,CAJNDQ010000040.1,CAJNDQ010000027.1,174.840277467376,2.55588690102494,2.1754066442149e-05,1.6857764080896,0.0078028666956898
ENSCCRG00000069396,ENSCCRG00000045976,,,11,13,CAJNDQ010000045.1,CAJNDQ010000026.1,254.928283321936,2.55510978764528,6.751333446004431e-10,1.96374933425306,5.33836433382767e-09
ENSCCRG00000032468,ENSCCRG00000017723,,,17,18,CAJNDQ010000008.1,CAJNDQ010000016.1,919.301414031526,2.5543540185609,1.64285055574501e-47,1.93629832227061,5.49174369838257e-28
ENSCCRG00000039826,ENSCCRG00000047897,fpgs,fpgs,16,16,CAJNDQ010000039.1,CAJNDQ010000046.1,1110.23416109721,2.55397906124807,3.92368389686017e-41,0.652623566850749,0.0020398993603149
ENSCCRG00000064254,ENSCCRG00000016688,fgl2a,fgl2a,6,2,CAJNDQ010000037.1,CAJNDQ010000009.1,987.069780528225,2.5536238922648,0.0272479854846366,5.37080004398685,0.0001234500145708
ENSCCRG00000057048,ENSCCRG00000069356,,,49,41,CAJNDQ010000022.1,CAJNDQ010000030.1,461.673015432889,2.55016579202832,2.8030463425996e-30,0.729769283837447,0.0012744903424948
ENSCCRG00000048358,ENSCCRG00000047671,ikbkg,ikbkg,20,15,CAJNDQ010000012.1,CAJNDQ010000050.1,1207.38294443782,2.5484559466813,4.82951563724559e-27,2.37701172310391,1.66568286898226e-23
ENSCCRG00000031194,ENSCCRG00000056731,,,12,11,CAJNDQ010000008.1,CAJNDQ010000016.1,588.439915974006,2.54259663865399,1.9437266935919099e-22,3.29258897832853,8.96763642289314e-29
ENSCCRG00000035930,ENSCCRG00000040488,st3gal5,st3gal5,10,7,CAJNDQ010000021.1,CAJNDQ010000036.1,363.641034738211,2.53372678614817,8.92438238536359e-13,2.51663955660561,5.51060850720864e-13
ENSCCRG00000031847,ENSCCRG00000012418,dag1,dag1,4,3,CAJNDQ010000044.1,CAJNDQ010000006.1,1725.7125654548,2.53262704596544,4.9728943107687403e-45,2.3050818478412,7.1377148044209e-37
ENSCCRG00000041241,ENSCCRG00000067587,,,8,9,CAJNDQ010000032.1,CAJNDQ010000013.1,531.642665530335,2.51622615431309,6.95997094591303e-07,0.388866362602204,0.566379752459934
ENSCCRG00000060832,ENSCCRG00000080857,,,19,18,CAJNDQ010000017.1,CAJNDQ010000011.1,1345.68031180432,2.51409446705836,,1.27160134731535,
ENSCCRG00000022645,ENSCCRG00000063838,,,22,21,CAJNDQ010000045.1,CAJNDQ010000026.1,1300.64830383386,2.51304574338803,3.29267764037138e-09,1.32441995499766,0.0032745686845266
ENSCCRG00000053666,ENSCCRG00000022385,zgc:193505,zgc:193505,3,3,CAJNDQ010000019.1,CAJNDQ010000049.1,898.841249396801,2.49611853687727,5.6512130462944e-18,0.0702934764841945,0.883423939886688
ENSCCRG00000020519,ENSCCRG00000038215,SLC30A8,SLC30A8,14,16,CAJNDQ010000032.1,CAJNDQ010000013.1,1152.43632096181,2.49141061518933,3.33870997051734e-07,2.46194623016291,5.59720974348447e-07
ENSCCRG00000014923,ENSCCRG00000053905,itcha,itcha,25,24,CAJNDQ010000017.1,CAJNDQ010000011.1,155.782710601425,2.49046189574239,0.000518839960743,3.59008092563012,3.50030932451225e-07
ENSCCRG00000064186,ENSCCRG00000073827,MAST3,,31,30,CAJNDQ010000022.1,CAJNDQ010000030.1,1406.48975090727,2.4889163278345,2.2816254094149e-19,1.6154336167519,8.63945417737163e-09
ENSCCRG00000029213,ENSCCRG00000008045,anxa4,anxa4,12,13,CAJNDQ010000033.1,CAJNDQ010000025.1,742.488825476728,2.48846716291451,1.32653472009009e-06,2.08726919127593,7.42735397912382e-05
ENSCCRG00000042150,ENSCCRG00000053713,cenpn,cenpn,11,10,CAJNDQ010000010.1,CAJNDQ010000020.1,1813.45171965031,2.48735946370039,8.40552935638597e-29,2.22053317082778,3.1528738643928697e-22
ENSCCRG00000015651,ENSCCRG00000016317,thbs3a,thbs3a,23,23,CAJNDQ010000003.1,CAJNDQ010000048.1,168.89770434355,2.48083611799415,2.02601232176827e-06,1.76827344045504,0.0013099078323289
ENSCCRG00000040872,ENSCCRG00000036763,lnpa,lnpa,14,14,CAJNDQ010000042.1,CAJNDQ010000047.1,879.856962850166,2.47572174526103,2.89398370096066e-37,2.40659109924131,1.04846421056694e-37
ENSCCRG00000073416,ENSCCRG00000009276,sptlc1,SPTLC1,16,16,CAJNDQ010000033.1,CAJNDQ010000025.1,369.735011734043,2.45418822439044,3.80915320530524e-29,2.55641855804042,1.6189983552392e-30
ENSCCRG00000062801,ENSCCRG00000064546,mid1ip1l,mid1ip1l,2,2,CAJNDQ010000021.1,CAJNDQ010000036.1,2313.98002669673,2.44877922999921,1.73797010735717e-18,0.899650807656706,0.002738271556619
ENSCCRG00000064763,ENSCCRG00000060671,,,11,12,CAJNDQ010000007.1,CAJNDQ010000001.1,332.525374872856,2.44444438933052,1.9632530437034102e-17,1.90043182930588,5.5506343706711094e-11
ENSCCRG00000080066,ENSCCRG00000080285,iqgap2,iqgap2,39,38,CAJNDQ010000008.1,CAJNDQ010000016.1,1370.92594096678,2.43288201334476,1.80360118055645e-05,2.38654023299122,3.2311079195154e-05
ENSCCRG00000053840,ENSCCRG00000026960,hdac8,hdac8,11,11,CAJNDQ010000007.1,CAJNDQ010000001.1,1399.06681660377,2.43090475138142,1.48841240169475e-34,2.68829510399856,2.64951284131355e-39
ENSCCRG00000063902,ENSCCRG00000072292,P2RY6,P2RY6,2,2,CAJNDQ010000010.1,CAJNDQ010000020.1,172.470037792191,2.42622995625473,1.63908551325142e-07,-2.19642157791699,7.01356336112375e-06
ENSCCRG00000016532,ENSCCRG00000011826,txlng,txlng,10,10,CAJNDQ010000043.1,CAJNDQ010000014.1,1728.94863666114,2.42263654310121,7.35494922156025e-98,2.32753595159112,2.35461716115297e-87
ENSCCRG00000060560,ENSCCRG00000066798,degs2,degs2,4,3,CAJNDQ010000005.1,CAJNDQ010000031.1,776.553262173643,2.42095507276909,3.3761883344920298e-34,1.67216741386292,6.91760027504626e-17
ENSCCRG00000061651,ENSCCRG00000028814,SLC66A2,SLC66A2,6,6,CAJNDQ010000032.1,CAJNDQ010000013.1,517.606205500233,2.41863894297217,2.43378586523539e-39,1.76066693664889,1.2126047600833198e-22
ENSCCRG00000069863,ENSCCRG00000078675,mpc1,mpc1,2,2,CAJNDQ010000019.1,CAJNDQ010000049.1,793.16457391322,2.41005844920144,1.15944021054698e-20,2.32438131437955,2.20979010026469e-19
ENSCCRG00000073981,ENSCCRG00000056233,fut7,fut7,3,3,CAJNDQ010000039.1,CAJNDQ010000046.1,676.68896465047,2.40796585067089,0.000220670416835,2.17883497037796,0.0022524999077855
ENSCCRG00000057184,ENSCCRG00000078230,decr1,decr1,10,11,CAJNDQ010000003.1,CAJNDQ010000048.1,899.436493763129,2.40495632863543,7.18259732753375e-18,2.00602266243662,9.88526532216223e-13
ENSCCRG00000006208,ENSCCRG00000019485,,,20,17,CAJNDQ010000008.1,CAJNDQ010000016.1,204.940575289504,2.3904697756109,5.760603389109011e-15,1.7403083294014,7.3968870397566705e-09
ENSCCRG00000002316,ENSCCRG00000065781,vwa8,vwa8,45,26,CAJNDQ010000042.1,CAJNDQ010000047.1,390.885888860459,2.38857874185657,3.6828014071309298e-22,2.72294520748961,5.477676873931469e-29
ENSCCRG00000017903,ENSCCRG00000079026,uri1,uri1,11,12,CAJNDQ010000010.1,CAJNDQ010000020.1,501.238920000265,2.38803072845981,2.70942871111844e-39,2.14702220601729,4.42669849801106e-31
ENSCCRG00000069458,ENSCCRG00000060279,ccdc43,ccdc43,6,6,CAJNDQ010000004.1,CAJNDQ010000002.1,205.875438695129,2.3848595638978,0.0026318786872917,2.30080232749896,0.0043683616352999
ENSCCRG00000010354,ENSCCRG00000010191,trmt13,trmt13,11,11,CAJNDQ010000044.1,CAJNDQ010000006.1,280.25671999127,2.3759494880314,6.97149322283004e-18,1.7162846495678,6.03218465778634e-10
ENSCCRG00000026853,ENSCCRG00000026805,si:ch211-122f10.4,si:ch211-122f10.4,13,12,CAJNDQ010000007.1,CAJNDQ010000001.1,2125.8529332457,2.37514272393083,1.18520444194207e-39,1.72197904898923,6.325986042273061e-20
ENSCCRG00000023638,ENSCCRG00000080899,pgap6,pgap6,14,13,CAJNDQ010000023.1,CAJNDQ010000028.1,221.877109879625,2.37368683897181,6.84703806527058e-14,0.948261658154039,0.0049248751920678
ENSCCRG00000037191,ENSCCRG00000038335,tchp,tchp,14,13,CAJNDQ010000008.1,CAJNDQ010000016.1,352.299921349672,2.36252639838925,3.6316986160253296e-18,2.4757949475895,2.03415954893999e-22
ENSCCRG00000005559,ENSCCRG00000043181,naprt,naprt,15,14,CAJNDQ010000029.1,CAJNDQ010000035.1,400.901446242426,2.3599615127692,2.2763206365619498e-22,1.94213439221539,2.83263419641974e-16
ENSCCRG00000064621,ENSCCRG00000077389,natd1,natd1,3,4,CAJNDQ010000004.1,CAJNDQ010000002.1,1283.30458805362,2.35525841889143,1.1928730802465701e-58,1.89362629731916,6.8473670675601e-35
ENSCCRG00000024484,ENSCCRG00000032323,pla2g4aa,pla2g4aa,19,19,CAJNDQ010000022.1,CAJNDQ010000030.1,358.307984741518,2.33957089272347,3.83712600698504e-09,2.01089774094248,6.95635581688266e-07
ENSCCRG00000010153,ENSCCRG00000009923,rc3h1a,rc3h1a,20,19,CAJNDQ010000044.1,CAJNDQ010000006.1,563.088474368007,2.33859713263579,1.64226967266088e-11,2.49474690681441,8.335073377789399e-13
ENSCCRG00000034143,ENSCCRG00000019569,mybpc3,mybpc3,34,32,CAJNDQ010000007.1,CAJNDQ010000001.1,215.533243839686,2.33526757988198,6.77752349048551e-07,0.691981713910213,0.211429299919923
ENSCCRG00000051287,ENSCCRG00000049401,eif4e1b,eif4e1b,6,8,CAJNDQ010000008.1,CAJNDQ010000016.1,599.979096275596,2.33346795387244,1.2719381205884499e-11,0.399778464657653,0.474085108140605
ENSCCRG00000077091,ENSCCRG00000004845,efcab7,efcab7,15,14,CAJNDQ010000017.1,CAJNDQ010000011.1,150.222114227923,2.33270564674803,4.84543923437529e-05,2.58671808645068,1.00733776869949e-05
ENSCCRG00000065502,ENSCCRG00000029079,gcc1,gcc1,6,4,CAJNDQ010000037.1,CAJNDQ010000009.1,755.799515396928,2.33181740321168,2.9954245434594598e-36,1.70513556806248,6.86229799705107e-21
ENSCCRG00000048766,ENSCCRG00000036236,,,8,10,CAJNDQ010000039.1,CAJNDQ010000046.1,582.11147521199,2.33081031405448,1.06933604307558e-10,2.61437599051369,3.76601622156517e-13
ENSCCRG00000072647,ENSCCRG00000001600,rnpep,rnpep,12,12,CAJNDQ010000043.1,CAJNDQ010000014.1,197.8560052162,2.33079266180345,4.04776537362011e-14,3.68268289064215,2.6075573472647e-34
ENSCCRG00000036366,ENSCCRG00000010913,tpk1,tpk1,11,10,CAJNDQ010000015.1,CAJNDQ010000041.1,361.75089828344,2.3306234326623,2.15668934481804e-18,1.94868287190343,2.9766801077568097e-13
ENSCCRG00000031644,ENSCCRG00000048269,trpm5,trpm5,27,34,CAJNDQ010000007.1,CAJNDQ010000001.1,224.434339938065,2.32807830217917,0.0045020361994962,3.10616500569112,0.0001643510246092
ENSCCRG00000007322,ENSCCRG00000034923,fabp7a,fabp7a,4,4,CAJNDQ010000005.1,CAJNDQ010000031.1,256.513519982235,2.3208179142093,0.0027738222572754,-0.105982417387211,0.931427733177867
ENSCCRG00000029409,ENSCCRG00000034983,piwil1,piwil1,35,21,CAJNDQ010000018.1,CAJNDQ010000024.1,300.042275709392,2.31849490758165,1.87399564419007e-09,3.46756021121856,7.53171626275017e-15
ENSCCRG00000000422,ENSCCRG00000036244,dpcd,dpcd,11,6,CAJNDQ010000023.1,CAJNDQ010000028.1,159.858791743298,2.31534813183136,5.34517383284059e-11,2.16198090892206,4.2182798401937804e-09
ENSCCRG00000010428,ENSCCRG00000027707,f2,f2,15,14,CAJNDQ010000007.1,CAJNDQ010000001.1,349.876450331345,2.31366711163666,0.0001238167986954,1.38778229623395,0.0322719570850418
ENSCCRG00000012503,ENSCCRG00000044598,,,26,25,CAJNDQ010000034.1,CAJNDQ010000038.1,249.222428574608,2.30980588598365,0.0069158341077654,1.49256337878206,0.10871563112719
ENSCCRG00000025969,ENSCCRG00000054071,,,11,9,CAJNDQ010000008.1,CAJNDQ010000016.1,660.500174116337,2.30666081471839,0.0083133772086785,3.7516630815022,9.97065012395998e-06
ENSCCRG00000075499,ENSCCRG00000065526,aldob,aldob,10,8,CAJNDQ010000021.1,CAJNDQ010000036.1,16239.036204572,2.30303391611591,9.17838092547907e-09,1.74558515594164,2.18958886070811e-05
ENSCCRG00000074363,ENSCCRG00000025660,,,27,26,CAJNDQ010000042.1,CAJNDQ010000047.1,1295.45707335304,2.3010413404918,2.65925942043818e-21,1.36409033616332,1.31446819497888e-08
ENSCCRG00000082202,ENSCCRG00000008312,pvalb2,pvalb2,7,4,CAJNDQ010000045.1,CAJNDQ010000026.1,1098.42724234145,2.30075184453673,0.575772638436299,0.573499793379031,0.915248045888195
ENSCCRG00000082894,ENSCCRG00000046814,her5,her5,2,2,CAJNDQ010000021.1,CAJNDQ010000036.1,253.711631911617,2.29917970904092,6.21719635963942e-08,2.82469008407475,0.002353781128561
ENSCCRG00000033705,ENSCCRG00000033287,usp20,usp20,28,26,CAJNDQ010000008.1,CAJNDQ010000016.1,771.727911567376,2.28695282623939,2.07211064220535e-21,0.847239976838498,0.0003202961881588
ENSCCRG00000054579,ENSCCRG00000069855,,,27,20,CAJNDQ010000037.1,CAJNDQ010000009.1,937.244510999786,2.28600512206706,1.1325191382519801e-17,1.20205991491324,7.62362139352575e-06
ENSCCRG00000021711,ENSCCRG00000072201,ppil2,ppil2,20,20,CAJNDQ010000008.1,CAJNDQ010000016.1,1948.91798023599,2.28094742495708,1.06203004169114e-35,1.97786327717894,8.61244106566955e-27
ENSCCRG00000027298,ENSCCRG00000040519,slc30a5,slc30a5,17,17,CAJNDQ010000008.1,CAJNDQ010000016.1,1118.84794388713,2.28080792451332,6.76326645176265e-26,1.87070250903261,9.79359677610815e-18
ENSCCRG00000021047,ENSCCRG00000017553,cln3,cln3,15,15,CAJNDQ010000004.1,CAJNDQ010000002.1,321.306316042531,2.28002983607688,1.81643500782056e-14,2.30638445178416,3.56479476216289e-14
ENSCCRG00000050923,ENSCCRG00000029700,,,21,21,CAJNDQ010000034.1,CAJNDQ010000038.1,485.678370488184,2.27969407998136,1.9105306524215e-17,2.11053168553838,1.7368134041497502e-15
ENSCCRG00000012353,ENSCCRG00000013217,ccar1,ccar1,26,26,CAJNDQ010000019.1,CAJNDQ010000049.1,1715.73638200941,2.27515773830482,1.66085884691339e-39,1.56757428841739,3.33185007414061e-19
ENSCCRG00000033069,ENSCCRG00000035629,slc6a8,slc6a8,14,15,CAJNDQ010000018.1,CAJNDQ010000024.1,220.815604303064,2.26757328776565,0.0018594964318044,1.40685141569655,0.0747689693604511
ENSCCRG00000026662,ENSCCRG00000036635,rpl22l1,rpl22l1,5,4,CAJNDQ010000015.1,CAJNDQ010000041.1,427.362817780669,2.26589385513594,9.91337178542268e-06,2.14197960482212,3.7618649541804e-05
ENSCCRG00000076631,ENSCCRG00000081796,ppp1r15a,ppp1r15a,3,4,CAJNDQ010000007.1,CAJNDQ010000001.1,303.081745491435,2.26112351389591,0.0062059593834441,2.06033869172704,0.0158104090050946
ENSCCRG00000002007,ENSCCRG00000040025,NHLRC2,NHLRC2,12,12,CAJNDQ010000045.1,CAJNDQ010000026.1,412.008418459539,2.25019686226453,1.2358782675960699e-28,2.60447674441117,4.07282099084525e-38
ENSCCRG00000060817,ENSCCRG00000020319,snrnp35,snrnp35,2,2,CAJNDQ010000033.1,CAJNDQ010000025.1,873.423799887669,2.24616797237136,4.52342452952971e-23,2.63455294931927,7.44590972904969e-25
ENSCCRG00000073271,ENSCCRG00000004511,plppr5b,plppr5b,8,10,CAJNDQ010000015.1,CAJNDQ010000041.1,156.837384583344,2.24513264106511,6.14885530053108e-07,1.42988320100351,0.0044511857828478
ENSCCRG00000064360,ENSCCRG00000033536,,,8,9,CAJNDQ010000039.1,CAJNDQ010000046.1,193.332315232348,2.24266480432354,1.50345235158113e-08,2.89956500145874,1.8107228705813e-13
ENSCCRG00000007018,ENSCCRG00000025636,slc35f2,slc35f2,9,9,CAJNDQ010000039.1,CAJNDQ010000046.1,689.91596804252,2.24192336839565,6.30927324182723e-08,1.83306680537056,1.92410536512095e-05
ENSCCRG00000007373,ENSCCRG00000009585,thoc1,thoc1,22,22,CAJNDQ010000022.1,CAJNDQ010000030.1,2640.59480736687,2.23906141071258,0.0018179300034845,2.32763720110518,0.001336880502787
ENSCCRG00000040784,ENSCCRG00000053579,arv1,arv1,6,6,CAJNDQ010000029.1,CAJNDQ010000035.1,189.222528355676,2.23783090394556,2.27824803387341e-10,1.89652116512712,8.19353069241568e-08
ENSCCRG00000022248,ENSCCRG00000030596,casp8,casp8,17,9,CAJNDQ010000017.1,CAJNDQ010000011.1,758.084403110595,2.23615154877447,9.258485572354281e-23,2.30193446462431,6.24586873591967e-25
ENSCCRG00000025810,ENSCCRG00000065562,stk35,stk35,3,4,CAJNDQ010000012.1,CAJNDQ010000050.1,324.815574904693,2.23484038537029,8.996135358199839e-11,0.202924350510952,0.680928915106481
ENSCCRG00000032412,ENSCCRG00000066301,,ZNF106,22,23,CAJNDQ010000005.1,CAJNDQ010000031.1,1302.75942112409,2.23317089835177,7.367743913221399e-41,0.340682217378863,0.0729020492918564
ENSCCRG00000033392,ENSCCRG00000022891,kdr,kdr,32,31,CAJNDQ010000029.1,CAJNDQ010000035.1,550.59323443777,2.22820193992825,1.05771124364793e-09,1.33679980349362,0.0005298719814684
ENSCCRG00000019713,ENSCCRG00000048326,mical1,mical1,24,27,CAJNDQ010000012.1,CAJNDQ010000050.1,425.034347351975,2.22030551548234,1.1968799513147e-14,1.50304735722861,2.41256438901208e-07
ENSCCRG00000005767,ENSCCRG00000005582,gnsa,gnsa,15,17,CAJNDQ010000037.1,CAJNDQ010000009.1,221.392042399475,2.21767277400907,9.36167148070603e-13,2.6033778808321,3.1227363424107303e-19
ENSCCRG00000047755,ENSCCRG00000029207,tefa,tefa,5,6,CAJNDQ010000045.1,CAJNDQ010000026.1,865.269477308471,2.21523584914078,2.2938396355743897e-11,2.17642799141136,6.916695143173469e-11
ENSCCRG00000004007,ENSCCRG00000010227,abhd12,abhd12,14,15,CAJNDQ010000005.1,CAJNDQ010000031.1,755.026745055646,2.21120606010679,1.72747333510332e-24,0.854278326211905,0.0001646536101386
ENSCCRG00000014448,ENSCCRG00000072838,jam2a,jam2a,11,11,CAJNDQ010000023.1,CAJNDQ010000028.1,1422.68177531826,2.20690226656072,6.90744570297582e-07,0.085044249255725,0.908888497873352
ENSCCRG00000009008,ENSCCRG00000043497,,,40,39,CAJNDQ010000017.1,CAJNDQ010000011.1,1064.52831713773,2.19653745482493,1.5422316833795898e-30,2.3481978933436,5.96590707831603e-34
ENSCCRG00000035523,ENSCCRG00000078557,,,1,2,CAJNDQ010000008.1,CAJNDQ010000016.1,558.565137895178,2.18899621888991,7.51821825703565e-12,5.64843316045444,7.873912930782649e-56
ENSCCRG00000032984,ENSCCRG00000044259,,,27,27,CAJNDQ010000017.1,CAJNDQ010000011.1,150.735599538745,2.18593358262511,1.36303510122569e-06,0.973765888261184,0.0465233671192481
ENSCCRG00000075870,ENSCCRG00000025358,HYAL2,HYAL2,8,3,CAJNDQ010000044.1,CAJNDQ010000006.1,1264.75665367024,2.18513032625733,1.75262553227179e-09,2.50422961300375,5.14283981215927e-12
ENSCCRG00000070516,ENSCCRG00000019674,,,14,6,CAJNDQ010000032.1,CAJNDQ010000013.1,825.566407706202,2.1839014647827,6.786239547592301e-20,2.17088021133071,1.59480912835987e-20
ENSCCRG00000022726,ENSCCRG00000028719,,,26,26,CAJNDQ010000044.1,CAJNDQ010000006.1,576.10057278776,2.18288291195815,4.45340905143015e-08,2.3497383740384,5.2634702527018505e-09
ENSCCRG00000009578,ENSCCRG00000046577,insig2,insig2,7,6,CAJNDQ010000042.1,CAJNDQ010000047.1,824.765336967093,2.17710834261135,1.93387821456112e-42,1.81226360919123,1.1034028967388699e-29
ENSCCRG00000054521,ENSCCRG00000033356,haus2,haus2,10,10,CAJNDQ010000005.1,CAJNDQ010000031.1,312.06855605952,2.1743958665603,1.44373737693552e-05,2.48218651976283,9.30608751196801e-07
ENSCCRG00000047050,ENSCCRG00000000806,prmt3,prmt3,16,17,CAJNDQ010000007.1,CAJNDQ010000001.1,501.373071131072,2.17100596532442,9.531791995725421e-20,3.66673637978086,4.72460267351066e-45
ENSCCRG00000037214,ENSCCRG00000029547,gnsb,gnsb,14,15,CAJNDQ010000033.1,CAJNDQ010000025.1,1878.61507418176,2.16992070983741,3.18043741803021e-36,1.40566350412787,2.22890013834308e-16
ENSCCRG00000024770,ENSCCRG00000025614,,,8,8,CAJNDQ010000019.1,CAJNDQ010000049.1,531.644094198583,2.16965765831324,0.0115572971252865,0.98252506994743,0.326920229492836
ENSCCRG00000010265,ENSCCRG00000042270,rufy2,rufy2,20,20,CAJNDQ010000019.1,CAJNDQ010000049.1,194.851287281703,2.16803422098745,1.78592108714386e-05,1.57942395581,0.0024837859263135
ENSCCRG00000067596,ENSCCRG00000058973,txndc17,txndc17,4,4,CAJNDQ010000040.1,CAJNDQ010000027.1,372.48831146086,2.16626774524542,4.90944226336108e-18,1.46137303654138,8.469259388344861e-09
ENSCCRG00000008364,ENSCCRG00000060714,dpysl2b,dpysl2b,15,15,CAJNDQ010000033.1,CAJNDQ010000025.1,301.357075254161,2.16506936783957,0.0484702338227844,0.867682341375182,0.517882214302291
ENSCCRG00000016908,ENSCCRG00000082439,mrps18a,mrps18a,7,7,CAJNDQ010000037.1,CAJNDQ010000009.1,223.618682532605,2.16243218075696,1.96435197794779e-08,2.18693001245611,1.2228158555112e-08
ENSCCRG00000061078,ENSCCRG00000057379,acsl4a,acsl4a,15,19,CAJNDQ010000021.1,CAJNDQ010000036.1,3153.72879551266,2.16230943450222,2.7486704827047898e-40,0.354263300657811,0.0619631696578791
ENSCCRG00000012623,ENSCCRG00000056003,shmt1,shmt1,12,11,CAJNDQ010000004.1,CAJNDQ010000002.1,1274.80342929196,2.16204948551404,6.67224318940348e-08,1.744460617404,2.06217191714579e-05
ENSCCRG00000077799,ENSCCRG00000050218,klc3,klc3,14,14,CAJNDQ010000040.1,CAJNDQ010000027.1,368.86756556224,2.16191436306301,3.22151687850377e-12,0.826758932702017,0.0073524388876835
ENSCCRG00000059620,ENSCCRG00000010340,,,7,6,CAJNDQ010000004.1,CAJNDQ010000002.1,621.073722569952,2.16175461566829,1.33686183882919e-25,1.89491595351382,5.916217553649941e-19
ENSCCRG00000065880,ENSCCRG00000057981,derl1,derl1,8,8,CAJNDQ010000003.1,CAJNDQ010000048.1,1364.80962963437,2.15948914345046,4.52388192130145e-28,1.95958274000286,3.9143315968832904e-23
ENSCCRG00000074815,ENSCCRG00000048099,,,29,27,CAJNDQ010000039.1,CAJNDQ010000046.1,210.84009448864,2.15936400233668,3.99256187626723e-09,-0.706354418157497,0.09288644300169
ENSCCRG00000046167,ENSCCRG00000047722,ccdc28a,ccdc28a,10,6,CAJNDQ010000005.1,CAJNDQ010000031.1,487.420052212203,2.15902282129857,1.91021636959061e-19,2.27754385024563,5.14191812398977e-21
ENSCCRG00000072052,ENSCCRG00000016612,crybb1l2,crybb1l2,7,7,CAJNDQ010000023.1,CAJNDQ010000028.1,199.185066548601,2.15499206580105,0.0733954294853899,0.118232724212028,0.948001431701284
ENSCCRG00000076478,ENSCCRG00000042384,coq8aa,coq8aa,15,16,CAJNDQ010000029.1,CAJNDQ010000035.1,1856.3112464717,2.15462527406062,1.57495958282859e-46,0.509058186205604,0.0018066952843211
ENSCCRG00000007108,ENSCCRG00000061546,C1D,C1D,6,7,CAJNDQ010000019.1,CAJNDQ010000049.1,607.95610914186,2.15310306459661,1.2776493759018901e-20,2.4685590153025,4.52087603622641e-26
ENSCCRG00000005461,ENSCCRG00000033150,sntb1,sntb1,8,8,CAJNDQ010000003.1,CAJNDQ010000048.1,207.463214536922,2.15058237055361,1.03682233896977e-08,0.537508890654269,0.212271732018921
ENSCCRG00000071828,ENSCCRG00000061504,zgc:111986,C6orf62,5,4,CAJNDQ010000032.1,CAJNDQ010000013.1,1297.60919422554,2.14986073212931,1.34043472400532e-31,1.67641364341363,1.6185309235435701e-19
ENSCCRG00000028420,ENSCCRG00000006206,tgfbi,tgfbi,17,17,CAJNDQ010000021.1,CAJNDQ010000036.1,990.439074249569,2.14977672899652,1.8417531261803201e-10,1.33974533343107,0.0001293557603538
ENSCCRG00000012894,ENSCCRG00000033358,mbip,mbip,10,10,CAJNDQ010000005.1,CAJNDQ010000031.1,295.061173429699,2.14851471116044,1.02571047255583e-14,1.77414180064157,3.37986949738665e-10
ENSCCRG00000050650,ENSCCRG00000018346,zgc:100846,zgc:100846,11,10,CAJNDQ010000019.1,CAJNDQ010000049.1,397.569430910217,2.14836742290323,3.9153887380815e-10,1.33457405888794,0.0001490059331809
ENSCCRG00000082546,ENSCCRG00000058880,rimkla,rimkla,8,6,CAJNDQ010000018.1,CAJNDQ010000024.1,3073.2747975366,2.14753479282699,3.17719724048002e-47,1.82636366293869,5.73704164992963e-34
ENSCCRG00000030376,ENSCCRG00000036539,snrnp200,snrnp200,46,47,CAJNDQ010000018.1,CAJNDQ010000024.1,5033.77666175894,2.1464783789542,1.0631752456522699e-50,2.474263890262,3.9132434237762e-67
ENSCCRG00000002066,ENSCCRG00000061564,nsmce1,nsmce1,11,11,CAJNDQ010000004.1,CAJNDQ010000002.1,419.569341169654,2.14603600840891,2.11731051789323e-10,2.77506339517368,6.36987650915106e-16
ENSCCRG00000063082,ENSCCRG00000043523,pfkfb2a,pfkfb2a,16,16,CAJNDQ010000012.1,CAJNDQ010000050.1,640.557281289435,2.14545929123884,1.32384248032203e-07,2.34693615021093,5.681959497364551e-09
ENSCCRG00000018385,ENSCCRG00000023247,frmd8,frmd8,10,11,CAJNDQ010000033.1,CAJNDQ010000025.1,588.861100316364,2.13933776459128,3.93890097799819e-50,0.811798352446117,2.6326999489873703e-09
ENSCCRG00000056865,ENSCCRG00000075193,emilin1a,emilin1a,8,8,CAJNDQ010000029.1,CAJNDQ010000035.1,167.708583753917,2.13916255184389,4.2398884202771704e-19,1.76762327570785,5.46481454775047e-14
ENSCCRG00000053090,ENSCCRG00000022176,,,24,22,CAJNDQ010000019.1,CAJNDQ010000049.1,1411.88388732187,2.13870223998118,1.24759978345727e-55,1.87626733495145,7.451246488786859e-40
ENSCCRG00000029790,ENSCCRG00000028424,SKIC3,SKIC3,42,41,CAJNDQ010000008.1,CAJNDQ010000016.1,445.714489649218,2.13849828673617,6.601586173654289e-22,1.37515893073111,1.0401903047123702e-09
ENSCCRG00000064875,ENSCCRG00000055005,prkacaa,prkacaa,11,12,CAJNDQ010000004.1,CAJNDQ010000002.1,1829.07455662063,2.13364911278212,3.03203073593252e-24,2.37438227815215,2.06982188306063e-29
ENSCCRG00000011010,ENSCCRG00000010982,scaper,scaper,37,32,CAJNDQ010000034.1,CAJNDQ010000038.1,601.949686540195,2.12071112786063,4.03974607968705e-15,1.284708673193,2.6787204297431e-06
ENSCCRG00000078866,ENSCCRG00000049694,me3,me3,16,24,CAJNDQ010000042.1,CAJNDQ010000047.1,1321.20827974229,2.12056234137111,0.0882557622678521,0.341722851290228,0.846581140930589
ENSCCRG00000064040,ENSCCRG00000001126,,,16,9,CAJNDQ010000010.1,CAJNDQ010000020.1,363.065907174044,2.12000041144215,1.9986819204413003e-10,0.573573520619831,0.138981196718219
ENSCCRG00000003959,ENSCCRG00000031790,fdxacb1,fdxacb1,10,5,CAJNDQ010000008.1,CAJNDQ010000016.1,336.129488695556,2.11405775662454,1.12081104511008e-25,1.91592149896521,1.2001449854856101e-21
ENSCCRG00000076573,ENSCCRG00000070245,hao2,hao2,9,9,CAJNDQ010000042.1,CAJNDQ010000047.1,279.982230038594,2.11273592476765,3.39585644766287e-07,1.62409978787094,0.0001344508887909
ENSCCRG00000039169,ENSCCRG00000062412,rpgrb,rpgrb,22,15,CAJNDQ010000043.1,CAJNDQ010000014.1,317.689906878643,2.10627405621444,1.9481278217568702e-14,2.4566270692189,1.64358224538176e-19
ENSCCRG00000031070,ENSCCRG00000070942,phkg2,phkg2,11,11,CAJNDQ010000045.1,CAJNDQ010000026.1,386.0321418958,2.10107625051456,4.0306627837189e-19,-0.264059800843443,0.380955274827122
ENSCCRG00000034587,ENSCCRG00000035270,,,7,8,CAJNDQ010000008.1,CAJNDQ010000016.1,3637.36314973001,2.10048275238214,2.02931382635358e-38,2.15320108895893,2.25901872638854e-40
ENSCCRG00000061027,ENSCCRG00000075324,pxmp2,pxmp2,5,7,CAJNDQ010000008.1,CAJNDQ010000016.1,182.233339298297,2.09573085789154,1.04471546957901e-05,1.12407950958207,0.0293584410735022
ENSCCRG00000081674,ENSCCRG00000070375,mrrf,mrrf,7,7,CAJNDQ010000033.1,CAJNDQ010000025.1,167.276332301291,2.09233775965094,7.76007149914168e-05,1.23360320092163,0.0295223351038113
ENSCCRG00000076890,ENSCCRG00000044337,mnat1,mnat1,10,9,CAJNDQ010000019.1,CAJNDQ010000049.1,151.064027105058,2.08943593241439,1.90811521895025e-17,2.72830289167026,2.06061171819202e-24
ENSCCRG00000058227,ENSCCRG00000018417,hcfc1a,hcfc1a,37,30,CAJNDQ010000043.1,CAJNDQ010000014.1,3236.48326328338,2.08929721113042,3.4378937707612695e-30,1.6736249539687,1.10243391177841e-19
ENSCCRG00000054573,ENSCCRG00000019981,cirbpb,cirbpb,10,8,CAJNDQ010000044.1,CAJNDQ010000006.1,32621.3475118103,2.0890961563737,8.317347783748029e-49,1.74495304877378,3.6123579917582797e-34
ENSCCRG00000069703,ENSCCRG00000059770,,,4,6,CAJNDQ010000021.1,CAJNDQ010000036.1,585.852972400947,2.08907625835457,3.68402813595909e-10,2.21515757023374,1.2460455190822e-10
ENSCCRG00000072787,ENSCCRG00000017902,ago3b,ago3b,23,21,CAJNDQ010000032.1,CAJNDQ010000013.1,834.995316954959,2.08695888860915,6.70973634196385e-18,2.35416939072144,1.86102409819856e-24
ENSCCRG00000057054,ENSCCRG00000071942,llph,llph,4,4,CAJNDQ010000037.1,CAJNDQ010000009.1,576.347206639849,2.08653648328329,4.33357672261372e-09,1.96206110351527,4.58809529043046e-08
ENSCCRG00000022957,ENSCCRG00000031171,,,20,19,CAJNDQ010000044.1,CAJNDQ010000006.1,1203.92451588547,2.08607391417962,8.080196827946561e-10,1.65394907394746,1.61650115493475e-06
ENSCCRG00000026158,ENSCCRG00000022812,tpra1,tpra1,11,11,CAJNDQ010000017.1,CAJNDQ010000011.1,1096.99668747882,2.08387200950127,1.49389615930229e-65,2.36571038182645,2.37427297067114e-81
ENSCCRG00000074583,ENSCCRG00000013915,zmat5,zmat5,8,7,CAJNDQ010000008.1,CAJNDQ010000016.1,219.53120386508,2.08383285484233,1.96215089546587e-08,2.00972436820983,1.12934596604934e-07
ENSCCRG00000000405,ENSCCRG00000060142,stx8,stx8,9,10,CAJNDQ010000017.1,CAJNDQ010000011.1,247.633416123178,2.08294618162684,2.57922255839594e-08,1.52192244880195,8.73911344421142e-05
ENSCCRG00000063420,ENSCCRG00000005947,nsmce2,nsmce2,7,7,CAJNDQ010000003.1,CAJNDQ010000048.1,213.457052737895,2.07964220053027,3.2052961679067703e-15,2.74176870434886,1.11560766465694e-23
ENSCCRG00000027813,ENSCCRG00000070901,soul3,soul3,7,7,CAJNDQ010000005.1,CAJNDQ010000031.1,177.838221212172,2.07953546517876,1.11280293521678e-08,0.303606210538907,0.531136081380034
ENSCCRG00000043501,ENSCCRG00000070813,p4ha2,p4ha2,18,16,CAJNDQ010000039.1,CAJNDQ010000046.1,412.131345435611,2.07786686123438,6.41247448018977e-12,1.20045011273895,0.000201769983681
ENSCCRG00000017852,ENSCCRG00000047136,hacd3,hacd3,11,12,CAJNDQ010000010.1,CAJNDQ010000020.1,302.037278266805,2.06989827287566,6.33531620381407e-13,1.48511205209328,1.64060525913673e-07
ENSCCRG00000000217,ENSCCRG00000006109,rem2,rem2,5,6,CAJNDQ010000022.1,CAJNDQ010000030.1,155.711209923681,2.06850740250508,5.703114569702209e-11,0.873135160264781,0.0015220342680821
ENSCCRG00000070235,ENSCCRG00000052466,WHAMM,WHAMM,11,11,CAJNDQ010000010.1,CAJNDQ010000020.1,318.928860584991,2.06730387199438,3.0141887979536297e-18,1.28349864119053,7.25652472685282e-08
ENSCCRG00000053850,ENSCCRG00000079233,sod2,sod2,5,6,CAJNDQ010000029.1,CAJNDQ010000035.1,370.144353535371,2.0653757103294,1.95163312031685e-08,0.0881808982372734,0.838708766757903
ENSCCRG00000007304,ENSCCRG00000064606,ccdc6b,ccdc6b,10,9,CAJNDQ010000045.1,CAJNDQ010000026.1,177.870099972461,2.06057569012407,3.3912153077910097e-12,2.16092507230095,2.95784227144036e-13
ENSCCRG00000068468,ENSCCRG00000011556,tomm70a,tomm70a,14,13,CAJNDQ010000017.1,CAJNDQ010000011.1,3385.38635855653,2.0592865391956,1.54859966470883e-59,1.86860674142201,3.7337438758258497e-50
ENSCCRG00000026212,ENSCCRG00000015395,hnrnpl,hnrnpl,13,14,CAJNDQ010000008.1,CAJNDQ010000016.1,1887.35724393266,2.05881414423847,5.260182731213501e-16,1.59704693607456,5.8893405515529e-10
ENSCCRG00000050053,ENSCCRG00000019769,dgat1b,dgat1b,19,16,CAJNDQ010000003.1,CAJNDQ010000048.1,462.121459443205,2.05821848277458,0.0001464045553354,2.61905651070314,1.32973996193421e-06
ENSCCRG00000021668,ENSCCRG00000021698,vps54,vps54,26,24,CAJNDQ010000023.1,CAJNDQ010000028.1,846.959366751272,2.05767675519868,3.17948275126887e-14,2.00216701362493,1.69900075629341e-13
ENSCCRG00000013438,ENSCCRG00000048805,b3glcta,b3glcta,16,16,CAJNDQ010000040.1,CAJNDQ010000027.1,168.608001486966,2.05220284777211,1.96267622310326e-10,2.41348872205468,1.15208164425674e-13
ENSCCRG00000051591,ENSCCRG00000009069,prpf31,prpf31,14,12,CAJNDQ010000003.1,CAJNDQ010000048.1,4745.11338463304,2.04957423564749,1.20824293859343e-39,2.06228747000801,4.5436290378728295e-40
ENSCCRG00000015363,ENSCCRG00000000201,mthfd1l,mthfd1l,29,28,CAJNDQ010000029.1,CAJNDQ010000035.1,1465.2114034733,2.04255701327915,3.09945238698994e-22,2.32110552935732,2.46635256432323e-28
ENSCCRG00000043790,ENSCCRG00000050746,osbp,osbp,19,19,CAJNDQ010000023.1,CAJNDQ010000028.1,1098.86117311579,2.03589314145911,2.44129294849144e-31,1.29295796742647,3.54296336705872e-13
ENSCCRG00000065505,ENSCCRG00000061562,znf408,znf408,5,6,CAJNDQ010000007.1,CAJNDQ010000001.1,191.711757241756,2.03097469772381,1.06961712149739e-14,1.56105061298298,3.2345926372864202e-09
ENSCCRG00000008019,ENSCCRG00000007935,atp6ap2,atp6ap2,12,11,CAJNDQ010000044.1,CAJNDQ010000006.1,1078.98773755392,2.03020109141428,2.98685514920034e-20,1.45725287992561,5.42940113427764e-11
ENSCCRG00000066103,ENSCCRG00000057311,gcshb,gcshb,5,6,CAJNDQ010000007.1,CAJNDQ010000001.1,271.92755265511,2.02930496835345,2.51741007911363e-05,1.89604896635137,0.0001066707530809
ENSCCRG00000066645,ENSCCRG00000045444,,,7,6,CAJNDQ010000045.1,CAJNDQ010000026.1,254.730271147141,2.02834404532588,2.30618165650923e-13,2.38887439144037,4.03117950134429e-16
ENSCCRG00000052753,ENSCCRG00000008403,zmat2,zmat2,8,7,CAJNDQ010000039.1,CAJNDQ010000046.1,1103.13413164662,2.02737342968072,1.28354731078065e-22,2.42394926312254,6.069918654772099e-31
ENSCCRG00000024970,ENSCCRG00000075651,OSBPL8,OSBPL8,26,24,CAJNDQ010000037.1,CAJNDQ010000009.1,599.523862461743,2.02568387036401,4.60040939941863e-23,1.2986207732827,4.70872417766411e-10
ENSCCRG00000054078,ENSCCRG00000070400,rdh12,rdh12,8,8,CAJNDQ010000019.1,CAJNDQ010000049.1,599.7099320904,2.02540713485389,2.6384713370869e-17,0.799007416752121,0.001002958195097
ENSCCRG00000078221,ENSCCRG00000050462,mief1,mief1,6,7,CAJNDQ010000004.1,CAJNDQ010000002.1,960.307308211795,2.02496648580836,5.02212330938773e-45,1.51370082066956,1.41583698427723e-25
ENSCCRG00000013991,ENSCCRG00000075132,tpd52l2a,tpd52l2a,10,10,CAJNDQ010000018.1,CAJNDQ010000024.1,808.250457899773,2.02141735117561,7.747743984803211e-23,2.04697001499759,1.8550860002616802e-23
ENSCCRG00000073866,ENSCCRG00000064388,chchd4a,chchd4a,3,3,CAJNDQ010000043.1,CAJNDQ010000014.1,276.143714530265,2.0163719703736,6.29877744122027e-16,1.86472092540328,1.99419677931346e-14
ENSCCRG00000022968,ENSCCRG00000023256,raly,raly,11,11,CAJNDQ010000017.1,CAJNDQ010000011.1,247.809603948334,2.0118247029679,9.239270043660469e-12,1.02787734509219,0.0001425586631553
ENSCCRG00000024498,ENSCCRG00000053627,irak1bp1,irak1bp1,4,4,CAJNDQ010000012.1,CAJNDQ010000050.1,219.195141635477,2.01024549016951,9.734293427260829e-11,2.60839344921943,4.34844924073618e-13
ENSCCRG00000069043,ENSCCRG00000079690,hprt1,hprt1,9,9,CAJNDQ010000021.1,CAJNDQ010000036.1,2022.44542211877,2.00512560644831,4.13666170118654e-24,1.56410860808766,5.9610996637988605e-15
ENSCCRG00000055581,ENSCCRG00000068027,fahd1,fahd1,6,1,CAJNDQ010000004.1,CAJNDQ010000002.1,439.128321240036,2.00383117439575,3.87825916889868e-07,2.95934159632068,3.3403346302231e-14
